{
  "dataset_name": "wine",
  "num_runs": 30,
  "average_best_fitness": 0.9233551198257081,
  "std_best_fitness": 0.00940992376896025,
  "average_num_selected_features": 2.066666666666667,
  "all_best_fitness": [
    0.9277777777777778,
    0.927124183006536,
    0.9222222222222222,
    0.927124183006536,
    0.9271241830065359,
    0.927124183006536,
    0.9215686274509803,
    0.938562091503268,
    0.9267973856209151,
    0.9215686274509804,
    0.9274509803921568,
    0.9218954248366014,
    0.9330065359477123,
    0.9218954248366013,
    0.9326797385620915,
    0.9212418300653594,
    0.9160130718954248,
    0.9215686274509804,
    0.9320261437908497,
    0.9156862745098039,
    0.9215686274509803,
    0.9382352941176471,
    0.9326797385620915,
    0.8980392156862745,
    0.8931372549019608,
    0.9215686274509803,
    0.9160130718954248,
    0.9254901960784313,
    0.9215686274509803,
    0.9218954248366014
  ],
  "all_num_selected_features": [
    2,
    2,
    2,
    2,
    2,
    2,
    2,
    2,
    2,
    2,
    2,
    2,
    2,
    2,
    2,
    2,
    2,
    2,
    2,
    2,
    2,
    2,
    2,
    3,
    3,
    2,
    2,
    2,
    2,
    2
  ],
  "timestamp": "2025-12-17T09:26:15.424584"
}