{
  "dataset_name": "wine",
  "run_index": 15,
  "timestamp": "2025-12-17T09:11:24.343349",
  "base_random_seed": 42,
  "random_seed": 57,
  "pso_config": {
    "num_particles": 30,
    "num_iterations": 50,
    "inertia_weight": 0.7,
    "cognitive_coeff": 2.0,
    "social_coeff": 2.0,
    "v_min": -6.0,
    "v_max": 6.0,
    "init_position_prob": 0.5
  },
  "svm_config": {
    "C": 4096.0,
    "kernel": "rbf",
    "gamma": null,
    "r": 16.0
  },
  "best_fitness": 0.9212418300653594,
  "num_selected_features": 2,
  "best_position": [
    0,
    0,
    0,
    0,
    0,
    0,
    1,
    0,
    0,
    1,
    0,
    0,
    0
  ],
  "fitness_history": [
    0.8431372549019608,
    0.8431372549019608,
    0.8431372549019608,
    0.8431372549019608,
    0.8601307189542483,
    0.8702614379084966,
    0.8702614379084966,
    0.8702614379084966,
    0.8702614379084966,
    0.8702614379084966,
    0.8705882352941178,
    0.8820261437908498,
    0.8820261437908498,
    0.8820261437908498,
    0.8931372549019608,
    0.8931372549019608,
    0.8931372549019608,
    0.8931372549019608,
    0.8931372549019608,
    0.8931372549019608,
    0.8934640522875817,
    0.8934640522875817,
    0.9101307189542485,
    0.9101307189542485,
    0.9101307189542485,
    0.9101307189542485,
    0.9101307189542485,
    0.9101307189542485,
    0.9101307189542485,
    0.9101307189542485,
    0.9101307189542485,
    0.9101307189542485,
    0.9101307189542485,
    0.9101307189542485,
    0.9101307189542485,
    0.9101307189542485,
    0.9101307189542485,
    0.9101307189542485,
    0.9101307189542485,
    0.9101307189542485,
    0.9212418300653594,
    0.9212418300653594,
    0.9212418300653594,
    0.9212418300653594,
    0.9212418300653594,
    0.9212418300653594,
    0.9212418300653594,
    0.9212418300653594,
    0.9212418300653594,
    0.9212418300653594
  ]
}