{
  "dataset_name": "wine",
  "run_index": 11,
  "timestamp": "2025-12-17T09:06:44.376945",
  "base_random_seed": 42,
  "random_seed": 53,
  "pso_config": {
    "num_particles": 30,
    "num_iterations": 50,
    "inertia_weight": 0.7,
    "cognitive_coeff": 2.0,
    "social_coeff": 2.0,
    "v_min": -6.0,
    "v_max": 6.0,
    "init_position_prob": 0.5
  },
  "svm_config": {
    "C": 4096.0,
    "kernel": "rbf",
    "gamma": null,
    "r": 16.0
  },
  "best_fitness": 0.9218954248366014,
  "num_selected_features": 2,
  "best_position": [
    0,
    0,
    0,
    0,
    0,
    0,
    1,
    0,
    0,
    1,
    0,
    0,
    0
  ],
  "fitness_history": [
    0.8205882352941176,
    0.8205882352941176,
    0.8205882352941176,
    0.8205882352941176,
    0.8480392156862745,
    0.8761437908496731,
    0.8761437908496731,
    0.8761437908496731,
    0.8761437908496731,
    0.8761437908496731,
    0.8761437908496731,
    0.8761437908496731,
    0.8872549019607842,
    0.8983660130718955,
    0.8983660130718955,
    0.9218954248366014,
    0.9218954248366014,
    0.9218954248366014,
    0.9218954248366014,
    0.9218954248366014,
    0.9218954248366014,
    0.9218954248366014,
    0.9218954248366014,
    0.9218954248366014,
    0.9218954248366014,
    0.9218954248366014,
    0.9218954248366014,
    0.9218954248366014,
    0.9218954248366014,
    0.9218954248366014,
    0.9218954248366014,
    0.9218954248366014,
    0.9218954248366014,
    0.9218954248366014,
    0.9218954248366014,
    0.9218954248366014,
    0.9218954248366014,
    0.9218954248366014,
    0.9218954248366014,
    0.9218954248366014,
    0.9218954248366014,
    0.9218954248366014,
    0.9218954248366014,
    0.9218954248366014,
    0.9218954248366014,
    0.9218954248366014,
    0.9218954248366014,
    0.9218954248366014,
    0.9218954248366014,
    0.9218954248366014
  ]
}