{
  "dataset_name": "wine",
  "run_index": 1,
  "timestamp": "2025-12-17T08:55:56.313099",
  "base_random_seed": 42,
  "random_seed": 43,
  "pso_config": {
    "num_particles": 30,
    "num_iterations": 50,
    "inertia_weight": 0.7,
    "cognitive_coeff": 2.0,
    "social_coeff": 2.0,
    "v_min": -6.0,
    "v_max": 6.0,
    "init_position_prob": 0.5
  },
  "svm_config": {
    "C": 4096.0,
    "kernel": "rbf",
    "gamma": null,
    "r": 16.0
  },
  "best_fitness": 0.927124183006536,
  "num_selected_features": 2,
  "best_position": [
    0,
    0,
    0,
    0,
    0,
    0,
    1,
    0,
    0,
    1,
    0,
    0,
    0
  ],
  "fitness_history": [
    0.7366013071895424,
    0.8643790849673202,
    0.8643790849673202,
    0.8643790849673202,
    0.8643790849673202,
    0.8643790849673202,
    0.8643790849673202,
    0.8643790849673202,
    0.8643790849673202,
    0.8643790849673202,
    0.8643790849673202,
    0.8643790849673202,
    0.8712418300653596,
    0.8712418300653596,
    0.8712418300653596,
    0.8712418300653596,
    0.8712418300653596,
    0.8712418300653596,
    0.8712418300653596,
    0.8712418300653596,
    0.8990196078431373,
    0.8990196078431373,
    0.9098039215686275,
    0.9098039215686275,
    0.9098039215686275,
    0.927124183006536,
    0.927124183006536,
    0.927124183006536,
    0.927124183006536,
    0.927124183006536,
    0.927124183006536,
    0.927124183006536,
    0.927124183006536,
    0.927124183006536,
    0.927124183006536,
    0.927124183006536,
    0.927124183006536,
    0.927124183006536,
    0.927124183006536,
    0.927124183006536,
    0.927124183006536,
    0.927124183006536,
    0.927124183006536,
    0.927124183006536,
    0.927124183006536,
    0.927124183006536,
    0.927124183006536,
    0.927124183006536,
    0.927124183006536,
    0.927124183006536
  ]
}