{
  "dataset_name": "wine",
  "run_index": 25,
  "timestamp": "2025-12-17T09:21:54.084118",
  "base_random_seed": 42,
  "random_seed": 67,
  "pso_config": {
    "num_particles": 30,
    "num_iterations": 50,
    "inertia_weight": 0.7,
    "cognitive_coeff": 2.0,
    "social_coeff": 2.0,
    "v_min": -6.0,
    "v_max": 6.0,
    "init_position_prob": 0.5
  },
  "svm_config": {
    "C": 4096.0,
    "kernel": "rbf",
    "gamma": null,
    "r": 16.0
  },
  "best_fitness": 0.9215686274509803,
  "num_selected_features": 2,
  "best_position": [
    0,
    0,
    0,
    0,
    0,
    0,
    1,
    0,
    0,
    1,
    0,
    0,
    0
  ],
  "fitness_history": [
    0.7986928104575164,
    0.7986928104575164,
    0.7986928104575164,
    0.7986928104575164,
    0.8209150326797386,
    0.8539215686274512,
    0.8928104575163399,
    0.8928104575163399,
    0.8928104575163399,
    0.8928104575163399,
    0.8928104575163399,
    0.8928104575163399,
    0.8928104575163399,
    0.8928104575163399,
    0.8928104575163399,
    0.8928104575163399,
    0.8928104575163399,
    0.8928104575163399,
    0.8928104575163399,
    0.8928104575163399,
    0.8928104575163399,
    0.8928104575163399,
    0.8996732026143791,
    0.8996732026143791,
    0.8996732026143791,
    0.8996732026143791,
    0.8996732026143791,
    0.8996732026143791,
    0.8996732026143791,
    0.8996732026143791,
    0.8996732026143791,
    0.8996732026143791,
    0.8996732026143791,
    0.903921568627451,
    0.903921568627451,
    0.903921568627451,
    0.9215686274509803,
    0.9215686274509803,
    0.9215686274509803,
    0.9215686274509803,
    0.9215686274509803,
    0.9215686274509803,
    0.9215686274509803,
    0.9215686274509803,
    0.9215686274509803,
    0.9215686274509803,
    0.9215686274509803,
    0.9215686274509803,
    0.9215686274509803,
    0.9215686274509803
  ]
}