{
  "dataset_name": "wine",
  "run_index": 7,
  "timestamp": "2025-12-17T09:02:36.615723",
  "base_random_seed": 42,
  "random_seed": 49,
  "pso_config": {
    "num_particles": 30,
    "num_iterations": 50,
    "inertia_weight": 0.7,
    "cognitive_coeff": 2.0,
    "social_coeff": 2.0,
    "v_min": -6.0,
    "v_max": 6.0,
    "init_position_prob": 0.5
  },
  "svm_config": {
    "C": 4096.0,
    "kernel": "rbf",
    "gamma": null,
    "r": 16.0
  },
  "best_fitness": 0.938562091503268,
  "num_selected_features": 2,
  "best_position": [
    0,
    0,
    0,
    0,
    0,
    0,
    1,
    0,
    0,
    1,
    0,
    0,
    0
  ],
  "fitness_history": [
    0.6627450980392158,
    0.6911764705882353,
    0.8431372549019608,
    0.8431372549019608,
    0.8434640522875817,
    0.8434640522875817,
    0.8434640522875817,
    0.9160130718954248,
    0.9160130718954248,
    0.9160130718954248,
    0.9160130718954248,
    0.9160130718954248,
    0.9160130718954248,
    0.9160130718954248,
    0.9160130718954248,
    0.9160130718954248,
    0.9160130718954248,
    0.9160130718954248,
    0.9160130718954248,
    0.9160130718954248,
    0.9160130718954248,
    0.9160130718954248,
    0.9160130718954248,
    0.9160130718954248,
    0.9160130718954248,
    0.9160130718954248,
    0.9160130718954248,
    0.9160130718954248,
    0.9160130718954248,
    0.9160130718954248,
    0.9160130718954248,
    0.9160130718954248,
    0.9160130718954248,
    0.9160130718954248,
    0.9160130718954248,
    0.9160130718954248,
    0.9160130718954248,
    0.9209150326797386,
    0.9209150326797386,
    0.9209150326797386,
    0.9209150326797386,
    0.9209150326797386,
    0.9209150326797386,
    0.9209150326797386,
    0.9209150326797386,
    0.9209150326797386,
    0.938562091503268,
    0.938562091503268,
    0.938562091503268,
    0.938562091503268
  ]
}