{
  "dataset_name": "wine",
  "run_index": 28,
  "timestamp": "2025-12-17T09:25:13.670057",
  "base_random_seed": 42,
  "random_seed": 70,
  "pso_config": {
    "num_particles": 30,
    "num_iterations": 50,
    "inertia_weight": 0.7,
    "cognitive_coeff": 2.0,
    "social_coeff": 2.0,
    "v_min": -6.0,
    "v_max": 6.0,
    "init_position_prob": 0.5
  },
  "svm_config": {
    "C": 4096.0,
    "kernel": "rbf",
    "gamma": null,
    "r": 16.0
  },
  "best_fitness": 0.9215686274509803,
  "num_selected_features": 2,
  "best_position": [
    0,
    0,
    0,
    0,
    0,
    0,
    1,
    0,
    0,
    1,
    0,
    0,
    0
  ],
  "fitness_history": [
    0.8316993464052288,
    0.8316993464052288,
    0.8545751633986928,
    0.8545751633986928,
    0.8545751633986928,
    0.8545751633986928,
    0.8545751633986928,
    0.8545751633986928,
    0.8545751633986928,
    0.8767973856209149,
    0.8767973856209149,
    0.8767973856209149,
    0.8767973856209149,
    0.8941176470588236,
    0.8941176470588236,
    0.8941176470588236,
    0.8941176470588236,
    0.8941176470588236,
    0.9039215686274511,
    0.9039215686274511,
    0.9049019607843137,
    0.9049019607843137,
    0.9049019607843137,
    0.9049019607843137,
    0.9049019607843137,
    0.9049019607843137,
    0.9049019607843137,
    0.9049019607843137,
    0.9049019607843137,
    0.9049019607843137,
    0.9049019607843137,
    0.9049019607843137,
    0.9049019607843137,
    0.9049019607843137,
    0.9049019607843137,
    0.9049019607843137,
    0.9049019607843137,
    0.9049019607843137,
    0.9049019607843137,
    0.9049019607843137,
    0.9049019607843137,
    0.9049019607843137,
    0.9049019607843137,
    0.9049019607843137,
    0.9098039215686274,
    0.9098039215686274,
    0.9215686274509803,
    0.9215686274509803,
    0.9215686274509803,
    0.9215686274509803
  ]
}