{
  "dataset_name": "wine",
  "run_index": 4,
  "timestamp": "2025-12-17T08:59:08.794036",
  "base_random_seed": 42,
  "random_seed": 46,
  "pso_config": {
    "num_particles": 30,
    "num_iterations": 50,
    "inertia_weight": 0.7,
    "cognitive_coeff": 2.0,
    "social_coeff": 2.0,
    "v_min": -6.0,
    "v_max": 6.0,
    "init_position_prob": 0.5
  },
  "svm_config": {
    "C": 4096.0,
    "kernel": "rbf",
    "gamma": null,
    "r": 16.0
  },
  "best_fitness": 0.9271241830065359,
  "num_selected_features": 2,
  "best_position": [
    0,
    0,
    0,
    0,
    0,
    0,
    1,
    0,
    0,
    1,
    0,
    0,
    0
  ],
  "fitness_history": [
    0.6124183006535948,
    0.6408496732026144,
    0.6408496732026144,
    0.7424836601307191,
    0.815686274509804,
    0.8372549019607843,
    0.8372549019607843,
    0.8542483660130721,
    0.8542483660130721,
    0.8584967320261437,
    0.8584967320261437,
    0.8584967320261437,
    0.8584967320261437,
    0.8928104575163399,
    0.8928104575163399,
    0.8928104575163399,
    0.9107843137254902,
    0.9107843137254902,
    0.9107843137254902,
    0.9107843137254902,
    0.9107843137254902,
    0.9107843137254902,
    0.9107843137254902,
    0.9107843137254902,
    0.9107843137254902,
    0.9271241830065359,
    0.9271241830065359,
    0.9271241830065359,
    0.9271241830065359,
    0.9271241830065359,
    0.9271241830065359,
    0.9271241830065359,
    0.9271241830065359,
    0.9271241830065359,
    0.9271241830065359,
    0.9271241830065359,
    0.9271241830065359,
    0.9271241830065359,
    0.9271241830065359,
    0.9271241830065359,
    0.9271241830065359,
    0.9271241830065359,
    0.9271241830065359,
    0.9271241830065359,
    0.9271241830065359,
    0.9271241830065359,
    0.9271241830065359,
    0.9271241830065359,
    0.9271241830065359,
    0.9271241830065359
  ]
}