{
  "dataset_name": "wine",
  "run_index": 23,
  "timestamp": "2025-12-17T09:19:53.355639",
  "base_random_seed": 42,
  "random_seed": 65,
  "pso_config": {
    "num_particles": 30,
    "num_iterations": 50,
    "inertia_weight": 0.7,
    "cognitive_coeff": 2.0,
    "social_coeff": 2.0,
    "v_min": -6.0,
    "v_max": 6.0,
    "init_position_prob": 0.5
  },
  "svm_config": {
    "C": 4096.0,
    "kernel": "rbf",
    "gamma": null,
    "r": 16.0
  },
  "best_fitness": 0.8980392156862745,
  "num_selected_features": 3,
  "best_position": [
    0,
    0,
    0,
    0,
    0,
    0,
    1,
    0,
    0,
    0,
    1,
    0,
    1
  ],
  "fitness_history": [
    0.6294117647058823,
    0.7529411764705882,
    0.7633986928104575,
    0.8702614379084966,
    0.8702614379084966,
    0.8702614379084966,
    0.8702614379084966,
    0.8702614379084966,
    0.8702614379084966,
    0.8702614379084966,
    0.8702614379084966,
    0.8702614379084966,
    0.8702614379084966,
    0.8702614379084966,
    0.8702614379084966,
    0.8702614379084966,
    0.8702614379084966,
    0.8702614379084966,
    0.8709150326797385,
    0.8709150326797385,
    0.8709150326797385,
    0.8709150326797385,
    0.8764705882352942,
    0.8764705882352942,
    0.8813725490196077,
    0.8813725490196077,
    0.8813725490196077,
    0.8872549019607844,
    0.8934640522875817,
    0.8934640522875817,
    0.8934640522875817,
    0.8934640522875817,
    0.8934640522875817,
    0.8934640522875817,
    0.8980392156862745,
    0.8980392156862745,
    0.8980392156862745,
    0.8980392156862745,
    0.8980392156862745,
    0.8980392156862745,
    0.8980392156862745,
    0.8980392156862745,
    0.8980392156862745,
    0.8980392156862745,
    0.8980392156862745,
    0.8980392156862745,
    0.8980392156862745,
    0.8980392156862745,
    0.8980392156862745,
    0.8980392156862745
  ]
}