{
  "dataset_name": "wine",
  "run_index": 8,
  "timestamp": "2025-12-17T09:03:38.137276",
  "base_random_seed": 42,
  "random_seed": 50,
  "pso_config": {
    "num_particles": 30,
    "num_iterations": 50,
    "inertia_weight": 0.7,
    "cognitive_coeff": 2.0,
    "social_coeff": 2.0,
    "v_min": -6.0,
    "v_max": 6.0,
    "init_position_prob": 0.5
  },
  "svm_config": {
    "C": 4096.0,
    "kernel": "rbf",
    "gamma": null,
    "r": 16.0
  },
  "best_fitness": 0.9267973856209151,
  "num_selected_features": 2,
  "best_position": [
    0,
    0,
    0,
    0,
    0,
    0,
    1,
    0,
    0,
    1,
    0,
    0,
    0
  ],
  "fitness_history": [
    0.5967320261437907,
    0.8088235294117647,
    0.8088235294117647,
    0.8088235294117647,
    0.8826797385620916,
    0.8826797385620916,
    0.8826797385620916,
    0.8826797385620916,
    0.8826797385620916,
    0.8826797385620916,
    0.8826797385620916,
    0.8826797385620916,
    0.8826797385620916,
    0.8826797385620916,
    0.9209150326797386,
    0.9209150326797386,
    0.9209150326797386,
    0.9209150326797386,
    0.9209150326797386,
    0.9209150326797386,
    0.9267973856209151,
    0.9267973856209151,
    0.9267973856209151,
    0.9267973856209151,
    0.9267973856209151,
    0.9267973856209151,
    0.9267973856209151,
    0.9267973856209151,
    0.9267973856209151,
    0.9267973856209151,
    0.9267973856209151,
    0.9267973856209151,
    0.9267973856209151,
    0.9267973856209151,
    0.9267973856209151,
    0.9267973856209151,
    0.9267973856209151,
    0.9267973856209151,
    0.9267973856209151,
    0.9267973856209151,
    0.9267973856209151,
    0.9267973856209151,
    0.9267973856209151,
    0.9267973856209151,
    0.9267973856209151,
    0.9267973856209151,
    0.9267973856209151,
    0.9267973856209151,
    0.9267973856209151,
    0.9267973856209151
  ]
}