{
  "dataset_name": "wine",
  "run_index": 5,
  "timestamp": "2025-12-17T09:00:24.188095",
  "base_random_seed": 42,
  "random_seed": 47,
  "pso_config": {
    "num_particles": 30,
    "num_iterations": 50,
    "inertia_weight": 0.7,
    "cognitive_coeff": 2.0,
    "social_coeff": 2.0,
    "v_min": -6.0,
    "v_max": 6.0,
    "init_position_prob": 0.5
  },
  "svm_config": {
    "C": 4096.0,
    "kernel": "rbf",
    "gamma": null,
    "r": 16.0
  },
  "best_fitness": 0.927124183006536,
  "num_selected_features": 2,
  "best_position": [
    0,
    0,
    0,
    0,
    0,
    0,
    1,
    0,
    0,
    1,
    0,
    0,
    0
  ],
  "fitness_history": [
    0.7127450980392156,
    0.7866013071895425,
    0.8369281045751634,
    0.8712418300653596,
    0.8712418300653596,
    0.8826797385620916,
    0.8826797385620916,
    0.8826797385620916,
    0.8826797385620916,
    0.8826797385620916,
    0.8826797385620916,
    0.8826797385620916,
    0.9045751633986928,
    0.9045751633986928,
    0.9045751633986928,
    0.9045751633986928,
    0.9045751633986928,
    0.9045751633986928,
    0.915686274509804,
    0.915686274509804,
    0.915686274509804,
    0.915686274509804,
    0.915686274509804,
    0.915686274509804,
    0.915686274509804,
    0.9212418300653595,
    0.9212418300653595,
    0.9212418300653595,
    0.9212418300653595,
    0.9212418300653595,
    0.9212418300653595,
    0.9212418300653595,
    0.9212418300653595,
    0.9212418300653595,
    0.9212418300653595,
    0.9212418300653595,
    0.9212418300653595,
    0.9212418300653595,
    0.9212418300653595,
    0.9212418300653595,
    0.9212418300653595,
    0.927124183006536,
    0.927124183006536,
    0.927124183006536,
    0.927124183006536,
    0.927124183006536,
    0.927124183006536,
    0.927124183006536,
    0.927124183006536,
    0.927124183006536
  ]
}