{
  "dataset_name": "wine",
  "run_index": 24,
  "timestamp": "2025-12-17T09:20:53.812014",
  "base_random_seed": 42,
  "random_seed": 66,
  "pso_config": {
    "num_particles": 30,
    "num_iterations": 50,
    "inertia_weight": 0.7,
    "cognitive_coeff": 2.0,
    "social_coeff": 2.0,
    "v_min": -6.0,
    "v_max": 6.0,
    "init_position_prob": 0.5
  },
  "svm_config": {
    "C": 4096.0,
    "kernel": "rbf",
    "gamma": null,
    "r": 16.0
  },
  "best_fitness": 0.8931372549019608,
  "num_selected_features": 3,
  "best_position": [
    0,
    0,
    0,
    0,
    0,
    0,
    1,
    0,
    0,
    0,
    1,
    0,
    1
  ],
  "fitness_history": [
    0.6294117647058823,
    0.8362745098039216,
    0.8362745098039216,
    0.8362745098039216,
    0.8362745098039216,
    0.8366013071895425,
    0.8366013071895425,
    0.8366013071895425,
    0.8483660130718954,
    0.8650326797385622,
    0.8656862745098038,
    0.8656862745098038,
    0.8656862745098038,
    0.8656862745098038,
    0.8656862745098038,
    0.8656862745098038,
    0.8656862745098038,
    0.8656862745098038,
    0.8656862745098038,
    0.8656862745098038,
    0.8656862745098038,
    0.8931372549019608,
    0.8931372549019608,
    0.8931372549019608,
    0.8931372549019608,
    0.8931372549019608,
    0.8931372549019608,
    0.8931372549019608,
    0.8931372549019608,
    0.8931372549019608,
    0.8931372549019608,
    0.8931372549019608,
    0.8931372549019608,
    0.8931372549019608,
    0.8931372549019608,
    0.8931372549019608,
    0.8931372549019608,
    0.8931372549019608,
    0.8931372549019608,
    0.8931372549019608,
    0.8931372549019608,
    0.8931372549019608,
    0.8931372549019608,
    0.8931372549019608,
    0.8931372549019608,
    0.8931372549019608,
    0.8931372549019608,
    0.8931372549019608,
    0.8931372549019608,
    0.8931372549019608
  ]
}