{
  "dataset_name": "wine",
  "run_index": 17,
  "timestamp": "2025-12-17T09:13:27.024215",
  "base_random_seed": 42,
  "random_seed": 59,
  "pso_config": {
    "num_particles": 30,
    "num_iterations": 50,
    "inertia_weight": 0.7,
    "cognitive_coeff": 2.0,
    "social_coeff": 2.0,
    "v_min": -6.0,
    "v_max": 6.0,
    "init_position_prob": 0.5
  },
  "svm_config": {
    "C": 4096.0,
    "kernel": "rbf",
    "gamma": null,
    "r": 16.0
  },
  "best_fitness": 0.9215686274509804,
  "num_selected_features": 2,
  "best_position": [
    0,
    0,
    0,
    0,
    0,
    0,
    1,
    0,
    0,
    1,
    0,
    0,
    0
  ],
  "fitness_history": [
    0.6124183006535948,
    0.8205882352941177,
    0.8490196078431372,
    0.8490196078431372,
    0.8490196078431372,
    0.8490196078431372,
    0.8545751633986928,
    0.9160130718954249,
    0.9160130718954249,
    0.9160130718954249,
    0.9160130718954249,
    0.9160130718954249,
    0.9160130718954249,
    0.9160130718954249,
    0.9160130718954249,
    0.9160130718954249,
    0.9160130718954249,
    0.9160130718954249,
    0.9160130718954249,
    0.9160130718954249,
    0.9160130718954249,
    0.9160130718954249,
    0.9160130718954249,
    0.9160130718954249,
    0.9160130718954249,
    0.9160130718954249,
    0.9160130718954249,
    0.9160130718954249,
    0.9160130718954249,
    0.9160130718954249,
    0.9163398692810457,
    0.9163398692810457,
    0.9163398692810457,
    0.9163398692810457,
    0.9163398692810457,
    0.9163398692810457,
    0.9163398692810457,
    0.9163398692810457,
    0.9163398692810457,
    0.9163398692810457,
    0.9163398692810457,
    0.9163398692810457,
    0.9215686274509804,
    0.9215686274509804,
    0.9215686274509804,
    0.9215686274509804,
    0.9215686274509804,
    0.9215686274509804,
    0.9215686274509804,
    0.9215686274509804
  ]
}