{
  "dataset_name": "wine",
  "run_index": 13,
  "timestamp": "2025-12-17T09:09:11.518235",
  "base_random_seed": 42,
  "random_seed": 55,
  "pso_config": {
    "num_particles": 30,
    "num_iterations": 50,
    "inertia_weight": 0.7,
    "cognitive_coeff": 2.0,
    "social_coeff": 2.0,
    "v_min": -6.0,
    "v_max": 6.0,
    "init_position_prob": 0.5
  },
  "svm_config": {
    "C": 4096.0,
    "kernel": "rbf",
    "gamma": null,
    "r": 16.0
  },
  "best_fitness": 0.9218954248366013,
  "num_selected_features": 2,
  "best_position": [
    0,
    0,
    0,
    0,
    0,
    0,
    1,
    0,
    0,
    1,
    0,
    0,
    0
  ],
  "fitness_history": [
    0.7588235294117647,
    0.7588235294117647,
    0.7588235294117647,
    0.8254901960784313,
    0.8542483660130719,
    0.8542483660130719,
    0.8542483660130719,
    0.8542483660130719,
    0.8542483660130719,
    0.8591503267973856,
    0.8591503267973856,
    0.8591503267973856,
    0.8591503267973856,
    0.8591503267973856,
    0.9212418300653595,
    0.9212418300653595,
    0.9212418300653595,
    0.9212418300653595,
    0.9218954248366013,
    0.9218954248366013,
    0.9218954248366013,
    0.9218954248366013,
    0.9218954248366013,
    0.9218954248366013,
    0.9218954248366013,
    0.9218954248366013,
    0.9218954248366013,
    0.9218954248366013,
    0.9218954248366013,
    0.9218954248366013,
    0.9218954248366013,
    0.9218954248366013,
    0.9218954248366013,
    0.9218954248366013,
    0.9218954248366013,
    0.9218954248366013,
    0.9218954248366013,
    0.9218954248366013,
    0.9218954248366013,
    0.9218954248366013,
    0.9218954248366013,
    0.9218954248366013,
    0.9218954248366013,
    0.9218954248366013,
    0.9218954248366013,
    0.9218954248366013,
    0.9218954248366013,
    0.9218954248366013,
    0.9218954248366013,
    0.9218954248366013
  ]
}