{
  "dataset_name": "wine",
  "run_index": 9,
  "timestamp": "2025-12-17T09:04:38.771721",
  "base_random_seed": 42,
  "random_seed": 51,
  "pso_config": {
    "num_particles": 30,
    "num_iterations": 50,
    "inertia_weight": 0.7,
    "cognitive_coeff": 2.0,
    "social_coeff": 2.0,
    "v_min": -6.0,
    "v_max": 6.0,
    "init_position_prob": 0.5
  },
  "svm_config": {
    "C": 4096.0,
    "kernel": "rbf",
    "gamma": null,
    "r": 16.0
  },
  "best_fitness": 0.9215686274509804,
  "num_selected_features": 2,
  "best_position": [
    0,
    0,
    0,
    0,
    0,
    0,
    1,
    0,
    0,
    1,
    0,
    0,
    0
  ],
  "fitness_history": [
    0.6450980392156864,
    0.7245098039215687,
    0.75359477124183,
    0.8428104575163399,
    0.8486928104575163,
    0.8486928104575163,
    0.8529411764705882,
    0.865032679738562,
    0.865032679738562,
    0.8879084967320262,
    0.8879084967320262,
    0.8990196078431373,
    0.8990196078431373,
    0.8990196078431373,
    0.8990196078431373,
    0.9209150326797386,
    0.9209150326797386,
    0.9209150326797386,
    0.9215686274509804,
    0.9215686274509804,
    0.9215686274509804,
    0.9215686274509804,
    0.9215686274509804,
    0.9215686274509804,
    0.9215686274509804,
    0.9215686274509804,
    0.9215686274509804,
    0.9215686274509804,
    0.9215686274509804,
    0.9215686274509804,
    0.9215686274509804,
    0.9215686274509804,
    0.9215686274509804,
    0.9215686274509804,
    0.9215686274509804,
    0.9215686274509804,
    0.9215686274509804,
    0.9215686274509804,
    0.9215686274509804,
    0.9215686274509804,
    0.9215686274509804,
    0.9215686274509804,
    0.9215686274509804,
    0.9215686274509804,
    0.9215686274509804,
    0.9215686274509804,
    0.9215686274509804,
    0.9215686274509804,
    0.9215686274509804,
    0.9215686274509804
  ]
}