{
  "dataset_name": "wine",
  "run_index": 19,
  "timestamp": "2025-12-17T09:15:42.129131",
  "base_random_seed": 42,
  "random_seed": 61,
  "pso_config": {
    "num_particles": 30,
    "num_iterations": 50,
    "inertia_weight": 0.7,
    "cognitive_coeff": 2.0,
    "social_coeff": 2.0,
    "v_min": -6.0,
    "v_max": 6.0,
    "init_position_prob": 0.5
  },
  "svm_config": {
    "C": 4096.0,
    "kernel": "rbf",
    "gamma": null,
    "r": 16.0
  },
  "best_fitness": 0.9156862745098039,
  "num_selected_features": 2,
  "best_position": [
    0,
    0,
    0,
    0,
    0,
    0,
    1,
    0,
    0,
    1,
    0,
    0,
    0
  ],
  "fitness_history": [
    0.6924836601307189,
    0.8143790849673203,
    0.8143790849673203,
    0.8143790849673203,
    0.8143790849673203,
    0.8143790849673203,
    0.8928104575163397,
    0.8928104575163397,
    0.8928104575163397,
    0.8928104575163397,
    0.8928104575163397,
    0.8928104575163397,
    0.8928104575163397,
    0.8928104575163397,
    0.8928104575163397,
    0.8928104575163397,
    0.8928104575163397,
    0.8990196078431373,
    0.8990196078431373,
    0.8990196078431373,
    0.8990196078431373,
    0.8990196078431373,
    0.8990196078431373,
    0.8990196078431373,
    0.8990196078431373,
    0.8990196078431373,
    0.8990196078431373,
    0.8990196078431373,
    0.8990196078431373,
    0.8990196078431373,
    0.8990196078431373,
    0.8990196078431373,
    0.8990196078431373,
    0.8990196078431373,
    0.8990196078431373,
    0.8990196078431373,
    0.8990196078431373,
    0.8990196078431373,
    0.8990196078431373,
    0.8990196078431373,
    0.8990196078431373,
    0.8996732026143791,
    0.8996732026143791,
    0.8996732026143791,
    0.8996732026143791,
    0.8996732026143791,
    0.8996732026143791,
    0.8996732026143791,
    0.9156862745098039,
    0.9156862745098039
  ]
}