{
  "dataset_name": "wine",
  "run_index": 14,
  "timestamp": "2025-12-17T09:10:18.213257",
  "base_random_seed": 42,
  "random_seed": 56,
  "pso_config": {
    "num_particles": 30,
    "num_iterations": 50,
    "inertia_weight": 0.7,
    "cognitive_coeff": 2.0,
    "social_coeff": 2.0,
    "v_min": -6.0,
    "v_max": 6.0,
    "init_position_prob": 0.5
  },
  "svm_config": {
    "C": 4096.0,
    "kernel": "rbf",
    "gamma": null,
    "r": 16.0
  },
  "best_fitness": 0.9326797385620915,
  "num_selected_features": 2,
  "best_position": [
    0,
    0,
    0,
    0,
    0,
    0,
    1,
    0,
    0,
    1,
    0,
    0,
    0
  ],
  "fitness_history": [
    0.723202614379085,
    0.7428104575163398,
    0.8366013071895425,
    0.8379084967320262,
    0.8379084967320262,
    0.8379084967320262,
    0.8379084967320262,
    0.8473856209150327,
    0.8486928104575163,
    0.9042483660130719,
    0.9042483660130719,
    0.9042483660130719,
    0.9326797385620915,
    0.9326797385620915,
    0.9326797385620915,
    0.9326797385620915,
    0.9326797385620915,
    0.9326797385620915,
    0.9326797385620915,
    0.9326797385620915,
    0.9326797385620915,
    0.9326797385620915,
    0.9326797385620915,
    0.9326797385620915,
    0.9326797385620915,
    0.9326797385620915,
    0.9326797385620915,
    0.9326797385620915,
    0.9326797385620915,
    0.9326797385620915,
    0.9326797385620915,
    0.9326797385620915,
    0.9326797385620915,
    0.9326797385620915,
    0.9326797385620915,
    0.9326797385620915,
    0.9326797385620915,
    0.9326797385620915,
    0.9326797385620915,
    0.9326797385620915,
    0.9326797385620915,
    0.9326797385620915,
    0.9326797385620915,
    0.9326797385620915,
    0.9326797385620915,
    0.9326797385620915,
    0.9326797385620915,
    0.9326797385620915,
    0.9326797385620915,
    0.9326797385620915
  ]
}