{
  "dataset_name": "wine",
  "run_index": 27,
  "timestamp": "2025-12-17T09:24:13.750993",
  "base_random_seed": 42,
  "random_seed": 69,
  "pso_config": {
    "num_particles": 30,
    "num_iterations": 50,
    "inertia_weight": 0.7,
    "cognitive_coeff": 2.0,
    "social_coeff": 2.0,
    "v_min": -6.0,
    "v_max": 6.0,
    "init_position_prob": 0.5
  },
  "svm_config": {
    "C": 4096.0,
    "kernel": "rbf",
    "gamma": null,
    "r": 16.0
  },
  "best_fitness": 0.9254901960784313,
  "num_selected_features": 2,
  "best_position": [
    0,
    0,
    0,
    0,
    0,
    0,
    1,
    0,
    0,
    1,
    0,
    0,
    0
  ],
  "fitness_history": [
    0.6287581699346405,
    0.780718954248366,
    0.780718954248366,
    0.831045751633987,
    0.831045751633987,
    0.9094771241830066,
    0.9094771241830066,
    0.9094771241830066,
    0.9094771241830066,
    0.9094771241830066,
    0.9094771241830066,
    0.9094771241830066,
    0.9094771241830066,
    0.9094771241830066,
    0.9094771241830066,
    0.9094771241830066,
    0.9094771241830066,
    0.9094771241830066,
    0.9094771241830066,
    0.9094771241830066,
    0.9094771241830066,
    0.9094771241830066,
    0.9094771241830066,
    0.9101307189542484,
    0.9101307189542484,
    0.9163398692810457,
    0.9254901960784313,
    0.9254901960784313,
    0.9254901960784313,
    0.9254901960784313,
    0.9254901960784313,
    0.9254901960784313,
    0.9254901960784313,
    0.9254901960784313,
    0.9254901960784313,
    0.9254901960784313,
    0.9254901960784313,
    0.9254901960784313,
    0.9254901960784313,
    0.9254901960784313,
    0.9254901960784313,
    0.9254901960784313,
    0.9254901960784313,
    0.9254901960784313,
    0.9254901960784313,
    0.9254901960784313,
    0.9254901960784313,
    0.9254901960784313,
    0.9254901960784313,
    0.9254901960784313
  ]
}