{
  "dataset_name": "wine",
  "run_index": 26,
  "timestamp": "2025-12-17T09:23:02.305269",
  "base_random_seed": 42,
  "random_seed": 68,
  "pso_config": {
    "num_particles": 30,
    "num_iterations": 50,
    "inertia_weight": 0.7,
    "cognitive_coeff": 2.0,
    "social_coeff": 2.0,
    "v_min": -6.0,
    "v_max": 6.0,
    "init_position_prob": 0.5
  },
  "svm_config": {
    "C": 4096.0,
    "kernel": "rbf",
    "gamma": null,
    "r": 16.0
  },
  "best_fitness": 0.9160130718954248,
  "num_selected_features": 2,
  "best_position": [
    0,
    0,
    0,
    0,
    0,
    0,
    1,
    0,
    0,
    1,
    0,
    0,
    0
  ],
  "fitness_history": [
    0.657516339869281,
    0.8091503267973856,
    0.8091503267973856,
    0.8264705882352942,
    0.842156862745098,
    0.8591503267973856,
    0.8591503267973856,
    0.8591503267973856,
    0.8650326797385622,
    0.8650326797385622,
    0.8650326797385622,
    0.8983660130718952,
    0.8983660130718952,
    0.8983660130718952,
    0.8983660130718952,
    0.8983660130718952,
    0.8983660130718952,
    0.8983660130718952,
    0.8983660130718952,
    0.8983660130718952,
    0.9156862745098039,
    0.9156862745098039,
    0.9156862745098039,
    0.9156862745098039,
    0.9156862745098039,
    0.9156862745098039,
    0.9156862745098039,
    0.9156862745098039,
    0.9156862745098039,
    0.9156862745098039,
    0.9156862745098039,
    0.9156862745098039,
    0.9156862745098039,
    0.9156862745098039,
    0.9156862745098039,
    0.9156862745098039,
    0.9156862745098039,
    0.9156862745098039,
    0.9156862745098039,
    0.9156862745098039,
    0.9156862745098039,
    0.9156862745098039,
    0.9156862745098039,
    0.9156862745098039,
    0.9160130718954248,
    0.9160130718954248,
    0.9160130718954248,
    0.9160130718954248,
    0.9160130718954248,
    0.9160130718954248
  ]
}