{
  "dataset_name": "wine",
  "run_index": 2,
  "timestamp": "2025-12-17T08:57:11.136954",
  "base_random_seed": 42,
  "random_seed": 44,
  "pso_config": {
    "num_particles": 30,
    "num_iterations": 50,
    "inertia_weight": 0.7,
    "cognitive_coeff": 2.0,
    "social_coeff": 2.0,
    "v_min": -6.0,
    "v_max": 6.0,
    "init_position_prob": 0.5
  },
  "svm_config": {
    "C": 4096.0,
    "kernel": "rbf",
    "gamma": null,
    "r": 16.0
  },
  "best_fitness": 0.9222222222222222,
  "num_selected_features": 2,
  "best_position": [
    0,
    0,
    0,
    0,
    0,
    0,
    1,
    0,
    0,
    1,
    0,
    0,
    0
  ],
  "fitness_history": [
    0.5013071895424837,
    0.85359477124183,
    0.8761437908496731,
    0.8761437908496731,
    0.8761437908496731,
    0.8761437908496731,
    0.8761437908496731,
    0.8761437908496731,
    0.8934640522875817,
    0.8934640522875817,
    0.8934640522875817,
    0.8986928104575164,
    0.8986928104575164,
    0.8986928104575164,
    0.8986928104575164,
    0.9222222222222222,
    0.9222222222222222,
    0.9222222222222222,
    0.9222222222222222,
    0.9222222222222222,
    0.9222222222222222,
    0.9222222222222222,
    0.9222222222222222,
    0.9222222222222222,
    0.9222222222222222,
    0.9222222222222222,
    0.9222222222222222,
    0.9222222222222222,
    0.9222222222222222,
    0.9222222222222222,
    0.9222222222222222,
    0.9222222222222222,
    0.9222222222222222,
    0.9222222222222222,
    0.9222222222222222,
    0.9222222222222222,
    0.9222222222222222,
    0.9222222222222222,
    0.9222222222222222,
    0.9222222222222222,
    0.9222222222222222,
    0.9222222222222222,
    0.9222222222222222,
    0.9222222222222222,
    0.9222222222222222,
    0.9222222222222222,
    0.9222222222222222,
    0.9222222222222222,
    0.9222222222222222,
    0.9222222222222222
  ]
}