{
  "dataset_name": "wine",
  "run_index": 6,
  "timestamp": "2025-12-17T09:01:28.541152",
  "base_random_seed": 42,
  "random_seed": 48,
  "pso_config": {
    "num_particles": 30,
    "num_iterations": 50,
    "inertia_weight": 0.7,
    "cognitive_coeff": 2.0,
    "social_coeff": 2.0,
    "v_min": -6.0,
    "v_max": 6.0,
    "init_position_prob": 0.5
  },
  "svm_config": {
    "C": 4096.0,
    "kernel": "rbf",
    "gamma": null,
    "r": 16.0
  },
  "best_fitness": 0.9215686274509803,
  "num_selected_features": 2,
  "best_position": [
    0,
    0,
    0,
    0,
    0,
    0,
    1,
    0,
    0,
    1,
    0,
    0,
    0
  ],
  "fitness_history": [
    0.7467320261437909,
    0.8375816993464053,
    0.8493464052287582,
    0.8493464052287582,
    0.8607843137254901,
    0.877450980392157,
    0.877450980392157,
    0.8830065359477125,
    0.8830065359477125,
    0.8830065359477125,
    0.8830065359477125,
    0.8830065359477125,
    0.8830065359477125,
    0.9098039215686274,
    0.9098039215686274,
    0.9098039215686274,
    0.915686274509804,
    0.915686274509804,
    0.915686274509804,
    0.915686274509804,
    0.915686274509804,
    0.915686274509804,
    0.915686274509804,
    0.915686274509804,
    0.915686274509804,
    0.915686274509804,
    0.9215686274509803,
    0.9215686274509803,
    0.9215686274509803,
    0.9215686274509803,
    0.9215686274509803,
    0.9215686274509803,
    0.9215686274509803,
    0.9215686274509803,
    0.9215686274509803,
    0.9215686274509803,
    0.9215686274509803,
    0.9215686274509803,
    0.9215686274509803,
    0.9215686274509803,
    0.9215686274509803,
    0.9215686274509803,
    0.9215686274509803,
    0.9215686274509803,
    0.9215686274509803,
    0.9215686274509803,
    0.9215686274509803,
    0.9215686274509803,
    0.9215686274509803,
    0.9215686274509803
  ]
}