{
  "dataset_name": "wine",
  "run_index": 18,
  "timestamp": "2025-12-17T09:14:33.464187",
  "base_random_seed": 42,
  "random_seed": 60,
  "pso_config": {
    "num_particles": 30,
    "num_iterations": 50,
    "inertia_weight": 0.7,
    "cognitive_coeff": 2.0,
    "social_coeff": 2.0,
    "v_min": -6.0,
    "v_max": 6.0,
    "init_position_prob": 0.5
  },
  "svm_config": {
    "C": 4096.0,
    "kernel": "rbf",
    "gamma": null,
    "r": 16.0
  },
  "best_fitness": 0.9320261437908497,
  "num_selected_features": 2,
  "best_position": [
    0,
    0,
    0,
    0,
    0,
    0,
    1,
    0,
    0,
    1,
    0,
    0,
    0
  ],
  "fitness_history": [
    0.7751633986928106,
    0.7751633986928106,
    0.8480392156862745,
    0.8480392156862745,
    0.8882352941176471,
    0.8882352941176471,
    0.8882352941176471,
    0.9150326797385621,
    0.9150326797385621,
    0.9150326797385621,
    0.9150326797385621,
    0.9150326797385622,
    0.9150326797385622,
    0.9150326797385622,
    0.9150326797385622,
    0.9150326797385622,
    0.9150326797385622,
    0.9150326797385622,
    0.9150326797385622,
    0.9150326797385622,
    0.9212418300653595,
    0.9212418300653595,
    0.9212418300653595,
    0.926797385620915,
    0.926797385620915,
    0.927124183006536,
    0.927124183006536,
    0.927124183006536,
    0.927124183006536,
    0.927124183006536,
    0.927124183006536,
    0.927124183006536,
    0.927124183006536,
    0.927124183006536,
    0.927124183006536,
    0.927124183006536,
    0.927124183006536,
    0.927124183006536,
    0.927124183006536,
    0.927124183006536,
    0.927124183006536,
    0.927124183006536,
    0.9320261437908497,
    0.9320261437908497,
    0.9320261437908497,
    0.9320261437908497,
    0.9320261437908497,
    0.9320261437908497,
    0.9320261437908497,
    0.9320261437908497
  ]
}