{
  "dataset_name": "wine",
  "run_index": 12,
  "timestamp": "2025-12-17T09:07:48.304652",
  "base_random_seed": 42,
  "random_seed": 54,
  "pso_config": {
    "num_particles": 30,
    "num_iterations": 50,
    "inertia_weight": 0.7,
    "cognitive_coeff": 2.0,
    "social_coeff": 2.0,
    "v_min": -6.0,
    "v_max": 6.0,
    "init_position_prob": 0.5
  },
  "svm_config": {
    "C": 4096.0,
    "kernel": "rbf",
    "gamma": null,
    "r": 16.0
  },
  "best_fitness": 0.9330065359477123,
  "num_selected_features": 2,
  "best_position": [
    0,
    0,
    0,
    0,
    0,
    0,
    1,
    0,
    0,
    1,
    0,
    0,
    0
  ],
  "fitness_history": [
    0.6009803921568628,
    0.6797385620915033,
    0.7640522875816993,
    0.8715686274509805,
    0.8715686274509805,
    0.8715686274509805,
    0.8715686274509805,
    0.877124183006536,
    0.877124183006536,
    0.877124183006536,
    0.9101307189542484,
    0.9101307189542484,
    0.9101307189542484,
    0.9101307189542484,
    0.9101307189542484,
    0.9101307189542484,
    0.9101307189542484,
    0.9101307189542484,
    0.9101307189542484,
    0.9101307189542484,
    0.9101307189542484,
    0.9101307189542484,
    0.9101307189542484,
    0.9101307189542484,
    0.9101307189542484,
    0.9101307189542484,
    0.9156862745098039,
    0.9156862745098039,
    0.9156862745098039,
    0.9156862745098039,
    0.9156862745098039,
    0.9156862745098039,
    0.9156862745098039,
    0.9156862745098039,
    0.9156862745098039,
    0.9156862745098039,
    0.9330065359477123,
    0.9330065359477123,
    0.9330065359477123,
    0.9330065359477123,
    0.9330065359477123,
    0.9330065359477123,
    0.9330065359477123,
    0.9330065359477123,
    0.9330065359477123,
    0.9330065359477123,
    0.9330065359477123,
    0.9330065359477123,
    0.9330065359477123,
    0.9330065359477123
  ]
}