{
  "dataset_name": "wine",
  "run_index": 21,
  "timestamp": "2025-12-17T09:17:46.895254",
  "base_random_seed": 42,
  "random_seed": 63,
  "pso_config": {
    "num_particles": 30,
    "num_iterations": 50,
    "inertia_weight": 0.7,
    "cognitive_coeff": 2.0,
    "social_coeff": 2.0,
    "v_min": -6.0,
    "v_max": 6.0,
    "init_position_prob": 0.5
  },
  "svm_config": {
    "C": 4096.0,
    "kernel": "rbf",
    "gamma": null,
    "r": 16.0
  },
  "best_fitness": 0.9382352941176471,
  "num_selected_features": 2,
  "best_position": [
    0,
    0,
    0,
    0,
    0,
    0,
    1,
    0,
    0,
    1,
    0,
    0,
    0
  ],
  "fitness_history": [
    0.8372549019607843,
    0.8375816993464053,
    0.8375816993464053,
    0.8375816993464053,
    0.8549019607843137,
    0.8549019607843137,
    0.8715686274509805,
    0.8715686274509805,
    0.8715686274509805,
    0.8931372549019608,
    0.8931372549019608,
    0.8931372549019608,
    0.8931372549019608,
    0.8931372549019608,
    0.8931372549019608,
    0.9382352941176471,
    0.9382352941176471,
    0.9382352941176471,
    0.9382352941176471,
    0.9382352941176471,
    0.9382352941176471,
    0.9382352941176471,
    0.9382352941176471,
    0.9382352941176471,
    0.9382352941176471,
    0.9382352941176471,
    0.9382352941176471,
    0.9382352941176471,
    0.9382352941176471,
    0.9382352941176471,
    0.9382352941176471,
    0.9382352941176471,
    0.9382352941176471,
    0.9382352941176471,
    0.9382352941176471,
    0.9382352941176471,
    0.9382352941176471,
    0.9382352941176471,
    0.9382352941176471,
    0.9382352941176471,
    0.9382352941176471,
    0.9382352941176471,
    0.9382352941176471,
    0.9382352941176471,
    0.9382352941176471,
    0.9382352941176471,
    0.9382352941176471,
    0.9382352941176471,
    0.9382352941176471,
    0.9382352941176471
  ]
}