{
  "dataset_name": "wine",
  "run_index": 22,
  "timestamp": "2025-12-17T09:19:00.503152",
  "base_random_seed": 42,
  "random_seed": 64,
  "pso_config": {
    "num_particles": 30,
    "num_iterations": 50,
    "inertia_weight": 0.7,
    "cognitive_coeff": 2.0,
    "social_coeff": 2.0,
    "v_min": -6.0,
    "v_max": 6.0,
    "init_position_prob": 0.5
  },
  "svm_config": {
    "C": 4096.0,
    "kernel": "rbf",
    "gamma": null,
    "r": 16.0
  },
  "best_fitness": 0.9326797385620915,
  "num_selected_features": 2,
  "best_position": [
    0,
    0,
    0,
    0,
    0,
    0,
    1,
    0,
    0,
    1,
    0,
    0,
    0
  ],
  "fitness_history": [
    0.8320261437908496,
    0.8320261437908496,
    0.8320261437908496,
    0.8320261437908496,
    0.8320261437908496,
    0.8598039215686274,
    0.8598039215686274,
    0.8653594771241832,
    0.8653594771241832,
    0.8767973856209151,
    0.8767973856209151,
    0.8767973856209151,
    0.8767973856209151,
    0.8767973856209151,
    0.8767973856209151,
    0.8767973856209151,
    0.8767973856209151,
    0.8810457516339868,
    0.8810457516339868,
    0.8810457516339868,
    0.8810457516339868,
    0.8810457516339868,
    0.8810457516339868,
    0.9107843137254903,
    0.9107843137254903,
    0.9107843137254903,
    0.9107843137254903,
    0.9107843137254903,
    0.9107843137254903,
    0.9107843137254903,
    0.9107843137254903,
    0.9150326797385621,
    0.9150326797385621,
    0.9212418300653595,
    0.9212418300653595,
    0.9215686274509803,
    0.9215686274509803,
    0.9215686274509803,
    0.9215686274509803,
    0.9218954248366013,
    0.9218954248366013,
    0.9218954248366013,
    0.9218954248366013,
    0.9218954248366013,
    0.9218954248366013,
    0.9218954248366013,
    0.9218954248366013,
    0.9326797385620915,
    0.9326797385620915,
    0.9326797385620915
  ]
}