{
  "dataset_name": "wine",
  "run_index": 16,
  "timestamp": "2025-12-17T09:12:20.463684",
  "base_random_seed": 42,
  "random_seed": 58,
  "pso_config": {
    "num_particles": 30,
    "num_iterations": 50,
    "inertia_weight": 0.7,
    "cognitive_coeff": 2.0,
    "social_coeff": 2.0,
    "v_min": -6.0,
    "v_max": 6.0,
    "init_position_prob": 0.5
  },
  "svm_config": {
    "C": 4096.0,
    "kernel": "rbf",
    "gamma": null,
    "r": 16.0
  },
  "best_fitness": 0.9160130718954248,
  "num_selected_features": 2,
  "best_position": [
    0,
    0,
    0,
    0,
    0,
    0,
    1,
    0,
    0,
    1,
    0,
    0,
    0
  ],
  "fitness_history": [
    0.6183006535947714,
    0.6183006535947714,
    0.7411764705882353,
    0.7529411764705882,
    0.7529411764705882,
    0.7529411764705882,
    0.7918300653594772,
    0.8261437908496733,
    0.8656862745098041,
    0.8656862745098041,
    0.8712418300653596,
    0.8712418300653596,
    0.8712418300653596,
    0.8712418300653596,
    0.8712418300653596,
    0.8712418300653596,
    0.8712418300653596,
    0.8712418300653596,
    0.8712418300653596,
    0.8712418300653596,
    0.8712418300653596,
    0.8712418300653596,
    0.8712418300653596,
    0.8712418300653596,
    0.8712418300653596,
    0.8712418300653596,
    0.8712418300653596,
    0.8712418300653596,
    0.8712418300653596,
    0.8820261437908498,
    0.8820261437908498,
    0.8993464052287582,
    0.8993464052287582,
    0.9081699346405226,
    0.9081699346405226,
    0.9081699346405226,
    0.9081699346405226,
    0.9081699346405226,
    0.9081699346405226,
    0.9081699346405226,
    0.9081699346405226,
    0.9081699346405226,
    0.9081699346405226,
    0.9081699346405226,
    0.9081699346405226,
    0.9081699346405226,
    0.9081699346405226,
    0.9081699346405226,
    0.9160130718954248,
    0.9160130718954248
  ]
}