{
  "dataset_name": "wine",
  "run_index": 10,
  "timestamp": "2025-12-17T09:05:43.435552",
  "base_random_seed": 42,
  "random_seed": 52,
  "pso_config": {
    "num_particles": 30,
    "num_iterations": 50,
    "inertia_weight": 0.7,
    "cognitive_coeff": 2.0,
    "social_coeff": 2.0,
    "v_min": -6.0,
    "v_max": 6.0,
    "init_position_prob": 0.5
  },
  "svm_config": {
    "C": 4096.0,
    "kernel": "rbf",
    "gamma": null,
    "r": 16.0
  },
  "best_fitness": 0.9274509803921568,
  "num_selected_features": 2,
  "best_position": [
    0,
    0,
    0,
    0,
    0,
    0,
    1,
    0,
    0,
    1,
    0,
    0,
    0
  ],
  "fitness_history": [
    0.8147058823529412,
    0.8147058823529412,
    0.8310457516339869,
    0.8490196078431372,
    0.8490196078431372,
    0.8934640522875817,
    0.8934640522875817,
    0.8934640522875817,
    0.8934640522875817,
    0.8934640522875817,
    0.8934640522875817,
    0.8934640522875817,
    0.9104575163398693,
    0.9104575163398693,
    0.9104575163398693,
    0.9104575163398693,
    0.9104575163398693,
    0.9104575163398693,
    0.9104575163398693,
    0.9274509803921568,
    0.9274509803921568,
    0.9274509803921568,
    0.9274509803921568,
    0.9274509803921568,
    0.9274509803921568,
    0.9274509803921568,
    0.9274509803921568,
    0.9274509803921568,
    0.9274509803921568,
    0.9274509803921568,
    0.9274509803921568,
    0.9274509803921568,
    0.9274509803921568,
    0.9274509803921568,
    0.9274509803921568,
    0.9274509803921568,
    0.9274509803921568,
    0.9274509803921568,
    0.9274509803921568,
    0.9274509803921568,
    0.9274509803921568,
    0.9274509803921568,
    0.9274509803921568,
    0.9274509803921568,
    0.9274509803921568,
    0.9274509803921568,
    0.9274509803921568,
    0.9274509803921568,
    0.9274509803921568,
    0.9274509803921568
  ]
}