{
  "dataset_name": "wine",
  "run_index": 3,
  "timestamp": "2025-12-17T08:58:12.510030",
  "base_random_seed": 42,
  "random_seed": 45,
  "pso_config": {
    "num_particles": 30,
    "num_iterations": 50,
    "inertia_weight": 0.7,
    "cognitive_coeff": 2.0,
    "social_coeff": 2.0,
    "v_min": -6.0,
    "v_max": 6.0,
    "init_position_prob": 0.5
  },
  "svm_config": {
    "C": 4096.0,
    "kernel": "rbf",
    "gamma": null,
    "r": 16.0
  },
  "best_fitness": 0.927124183006536,
  "num_selected_features": 2,
  "best_position": [
    0,
    0,
    0,
    0,
    0,
    0,
    1,
    0,
    0,
    1,
    0,
    0,
    0
  ],
  "fitness_history": [
    0.7349673202614379,
    0.7349673202614379,
    0.7349673202614379,
    0.7973856209150327,
    0.8379084967320262,
    0.8379084967320262,
    0.8715686274509803,
    0.9094771241830066,
    0.9094771241830066,
    0.9094771241830066,
    0.9094771241830066,
    0.9094771241830066,
    0.9222222222222222,
    0.9222222222222222,
    0.9222222222222222,
    0.9222222222222222,
    0.9222222222222222,
    0.927124183006536,
    0.927124183006536,
    0.927124183006536,
    0.927124183006536,
    0.927124183006536,
    0.927124183006536,
    0.927124183006536,
    0.927124183006536,
    0.927124183006536,
    0.927124183006536,
    0.927124183006536,
    0.927124183006536,
    0.927124183006536,
    0.927124183006536,
    0.927124183006536,
    0.927124183006536,
    0.927124183006536,
    0.927124183006536,
    0.927124183006536,
    0.927124183006536,
    0.927124183006536,
    0.927124183006536,
    0.927124183006536,
    0.927124183006536,
    0.927124183006536,
    0.927124183006536,
    0.927124183006536,
    0.927124183006536,
    0.927124183006536,
    0.927124183006536,
    0.927124183006536,
    0.927124183006536,
    0.927124183006536
  ]
}