{
  "dataset_name": "wine",
  "run_index": 0,
  "timestamp": "2025-12-17T08:54:37.774190",
  "base_random_seed": 42,
  "random_seed": 42,
  "pso_config": {
    "num_particles": 30,
    "num_iterations": 50,
    "inertia_weight": 0.7,
    "cognitive_coeff": 2.0,
    "social_coeff": 2.0,
    "v_min": -6.0,
    "v_max": 6.0,
    "init_position_prob": 0.5
  },
  "svm_config": {
    "C": 4096.0,
    "kernel": "rbf",
    "gamma": null,
    "r": 16.0
  },
  "best_fitness": 0.9277777777777778,
  "num_selected_features": 2,
  "best_position": [
    0,
    0,
    0,
    0,
    0,
    0,
    1,
    0,
    0,
    1,
    0,
    0,
    0
  ],
  "fitness_history": [
    0.7016339869281045,
    0.8372549019607843,
    0.8702614379084966,
    0.8702614379084966,
    0.877124183006536,
    0.877124183006536,
    0.9049019607843137,
    0.9049019607843137,
    0.9104575163398693,
    0.9104575163398693,
    0.9104575163398693,
    0.9104575163398693,
    0.9104575163398693,
    0.9104575163398693,
    0.9104575163398693,
    0.9104575163398693,
    0.9104575163398693,
    0.9104575163398693,
    0.9104575163398693,
    0.927124183006536,
    0.927124183006536,
    0.927124183006536,
    0.927124183006536,
    0.927124183006536,
    0.927124183006536,
    0.927124183006536,
    0.927124183006536,
    0.927124183006536,
    0.927124183006536,
    0.927124183006536,
    0.927124183006536,
    0.927124183006536,
    0.927124183006536,
    0.927124183006536,
    0.927124183006536,
    0.927124183006536,
    0.927124183006536,
    0.927124183006536,
    0.927124183006536,
    0.927124183006536,
    0.9277777777777778,
    0.9277777777777778,
    0.9277777777777778,
    0.9277777777777778,
    0.9277777777777778,
    0.9277777777777778,
    0.9277777777777778,
    0.9277777777777778,
    0.9277777777777778,
    0.9277777777777778
  ]
}