{
  "dataset_name": "wine",
  "run_index": 20,
  "timestamp": "2025-12-17T09:16:50.680746",
  "base_random_seed": 42,
  "random_seed": 62,
  "pso_config": {
    "num_particles": 30,
    "num_iterations": 50,
    "inertia_weight": 0.7,
    "cognitive_coeff": 2.0,
    "social_coeff": 2.0,
    "v_min": -6.0,
    "v_max": 6.0,
    "init_position_prob": 0.5
  },
  "svm_config": {
    "C": 4096.0,
    "kernel": "rbf",
    "gamma": null,
    "r": 16.0
  },
  "best_fitness": 0.9215686274509803,
  "num_selected_features": 2,
  "best_position": [
    0,
    0,
    0,
    0,
    0,
    0,
    1,
    0,
    0,
    1,
    0,
    0,
    0
  ],
  "fitness_history": [
    0.7696078431372548,
    0.7696078431372548,
    0.8712418300653596,
    0.888562091503268,
    0.888562091503268,
    0.888562091503268,
    0.8983660130718955,
    0.8983660130718955,
    0.8983660130718955,
    0.8983660130718955,
    0.8983660130718955,
    0.9160130718954248,
    0.9160130718954248,
    0.9160130718954248,
    0.9160130718954248,
    0.9160130718954248,
    0.9160130718954248,
    0.9160130718954248,
    0.9160130718954248,
    0.9160130718954248,
    0.9160130718954248,
    0.9160130718954248,
    0.9160130718954248,
    0.9160130718954248,
    0.9160130718954248,
    0.9160130718954248,
    0.9160130718954248,
    0.9215686274509803,
    0.9215686274509803,
    0.9215686274509803,
    0.9215686274509803,
    0.9215686274509803,
    0.9215686274509803,
    0.9215686274509803,
    0.9215686274509803,
    0.9215686274509803,
    0.9215686274509803,
    0.9215686274509803,
    0.9215686274509803,
    0.9215686274509803,
    0.9215686274509803,
    0.9215686274509803,
    0.9215686274509803,
    0.9215686274509803,
    0.9215686274509803,
    0.9215686274509803,
    0.9215686274509803,
    0.9215686274509803,
    0.9215686274509803,
    0.9215686274509803
  ]
}