{
  "dataset_name": "wine",
  "run_index": 29,
  "timestamp": "2025-12-17T09:26:15.423510",
  "base_random_seed": 42,
  "random_seed": 71,
  "pso_config": {
    "num_particles": 30,
    "num_iterations": 50,
    "inertia_weight": 0.7,
    "cognitive_coeff": 2.0,
    "social_coeff": 2.0,
    "v_min": -6.0,
    "v_max": 6.0,
    "init_position_prob": 0.5
  },
  "svm_config": {
    "C": 4096.0,
    "kernel": "rbf",
    "gamma": null,
    "r": 16.0
  },
  "best_fitness": 0.9218954248366014,
  "num_selected_features": 2,
  "best_position": [
    0,
    0,
    0,
    0,
    0,
    0,
    1,
    0,
    0,
    1,
    0,
    0,
    0
  ],
  "fitness_history": [
    0.7803921568627451,
    0.7803921568627451,
    0.7803921568627451,
    0.8549019607843137,
    0.8549019607843137,
    0.9035947712418301,
    0.9035947712418301,
    0.9035947712418301,
    0.9035947712418301,
    0.9035947712418301,
    0.9035947712418301,
    0.9212418300653595,
    0.9212418300653595,
    0.9212418300653595,
    0.9212418300653595,
    0.9212418300653595,
    0.9212418300653595,
    0.9212418300653595,
    0.9212418300653595,
    0.9212418300653595,
    0.9212418300653595,
    0.9212418300653595,
    0.9212418300653595,
    0.9212418300653595,
    0.9212418300653595,
    0.9212418300653595,
    0.9212418300653595,
    0.9212418300653595,
    0.9212418300653595,
    0.9212418300653595,
    0.9212418300653595,
    0.9212418300653595,
    0.9212418300653595,
    0.9212418300653595,
    0.9212418300653595,
    0.9212418300653595,
    0.9212418300653595,
    0.9212418300653595,
    0.9212418300653595,
    0.9212418300653595,
    0.9212418300653595,
    0.9212418300653595,
    0.9212418300653595,
    0.9212418300653595,
    0.9212418300653595,
    0.9212418300653595,
    0.9212418300653595,
    0.9212418300653595,
    0.9212418300653595,
    0.9218954248366014
  ]
}