{
  "dataset_name": "sonar",
  "run_index": 5,
  "timestamp": "2025-12-19T13:48:33.672360",
  "base_random_seed": 42,
  "random_seed": 47,
  "pso_config": {
    "num_particles": 30,
    "num_iterations": 50,
    "inertia_weight": 0.7,
    "cognitive_coeff": 2.0,
    "social_coeff": 2.0,
    "v_min": -6.0,
    "v_max": 6.0,
    "init_position_prob": 0.5
  },
  "svm_config": {
    "C": 4096.0,
    "kernel": "rbf",
    "gamma": null,
    "r": 1.0
  },
  "best_fitness": 0.7552380952380953,
  "num_selected_features": 14,
  "best_position": [
    0,
    0,
    0,
    0,
    0,
    0,
    0,
    0,
    1,
    0,
    1,
    1,
    0,
    0,
    0,
    1,
    1,
    0,
    1,
    0,
    0,
    1,
    0,
    0,
    0,
    0,
    0,
    0,
    0,
    0,
    0,
    0,
    0,
    0,
    0,
    1,
    0,
    0,
    1,
    1,
    0,
    0,
    1,
    0,
    0,
    0,
    1,
    0,
    0,
    0,
    0,
    0,
    0,
    0,
    1,
    0,
    0,
    1,
    0,
    0
  ],
  "fitness_history": [
    0.6061904761904763,
    0.6254761904761905,
    0.6254761904761905,
    0.6254761904761905,
    0.6392857142857142,
    0.6826190476190477,
    0.7019047619047619,
    0.7019047619047619,
    0.7019047619047619,
    0.7019047619047619,
    0.7019047619047619,
    0.7019047619047619,
    0.7307142857142856,
    0.7354761904761905,
    0.7354761904761905,
    0.7354761904761905,
    0.7354761904761905,
    0.7354761904761905,
    0.7354761904761905,
    0.7354761904761905,
    0.7354761904761905,
    0.7354761904761905,
    0.7354761904761905,
    0.7354761904761905,
    0.7354761904761905,
    0.7354761904761905,
    0.7354761904761905,
    0.7354761904761905,
    0.7354761904761905,
    0.7354761904761905,
    0.7354761904761905,
    0.7354761904761905,
    0.7354761904761905,
    0.7354761904761905,
    0.7354761904761905,
    0.7354761904761905,
    0.7354761904761905,
    0.7354761904761905,
    0.7354761904761905,
    0.7354761904761905,
    0.7354761904761905,
    0.7354761904761905,
    0.7354761904761905,
    0.7354761904761905,
    0.7552380952380953,
    0.7552380952380953,
    0.7552380952380953,
    0.7552380952380953,
    0.7552380952380953,
    0.7552380952380953
  ]
}