{
  "dataset_name": "sonar",
  "run_index": 11,
  "timestamp": "2025-12-19T13:52:34.394685",
  "base_random_seed": 42,
  "random_seed": 53,
  "pso_config": {
    "num_particles": 30,
    "num_iterations": 50,
    "inertia_weight": 0.7,
    "cognitive_coeff": 2.0,
    "social_coeff": 2.0,
    "v_min": -6.0,
    "v_max": 6.0,
    "init_position_prob": 0.5
  },
  "svm_config": {
    "C": 4096.0,
    "kernel": "rbf",
    "gamma": null,
    "r": 1.0
  },
  "best_fitness": 0.7552380952380953,
  "num_selected_features": 11,
  "best_position": [
    1,
    0,
    0,
    1,
    0,
    1,
    0,
    0,
    0,
    0,
    1,
    1,
    0,
    0,
    0,
    0,
    0,
    0,
    0,
    0,
    0,
    1,
    0,
    0,
    0,
    0,
    0,
    1,
    0,
    0,
    0,
    0,
    0,
    0,
    0,
    1,
    0,
    0,
    0,
    0,
    1,
    0,
    0,
    0,
    0,
    0,
    0,
    0,
    0,
    0,
    0,
    1,
    0,
    0,
    1,
    0,
    0,
    0,
    0,
    0
  ],
  "fitness_history": [
    0.6064285714285714,
    0.610952380952381,
    0.6395238095238095,
    0.6395238095238095,
    0.6447619047619048,
    0.6447619047619048,
    0.6447619047619048,
    0.7164285714285714,
    0.7164285714285714,
    0.7164285714285714,
    0.7164285714285714,
    0.7164285714285714,
    0.7164285714285714,
    0.7164285714285714,
    0.7164285714285714,
    0.7545238095238095,
    0.7545238095238095,
    0.7545238095238095,
    0.7545238095238095,
    0.7545238095238095,
    0.7545238095238095,
    0.7545238095238095,
    0.7545238095238095,
    0.7545238095238095,
    0.7545238095238095,
    0.7552380952380953,
    0.7552380952380953,
    0.7552380952380953,
    0.7552380952380953,
    0.7552380952380953,
    0.7552380952380953,
    0.7552380952380953,
    0.7552380952380953,
    0.7552380952380953,
    0.7552380952380953,
    0.7552380952380953,
    0.7552380952380953,
    0.7552380952380953,
    0.7552380952380953,
    0.7552380952380953,
    0.7552380952380953,
    0.7552380952380953,
    0.7552380952380953,
    0.7552380952380953,
    0.7552380952380953,
    0.7552380952380953,
    0.7552380952380953,
    0.7552380952380953,
    0.7552380952380953,
    0.7552380952380953
  ]
}