{
  "dataset_name": "sonar",
  "run_index": 17,
  "timestamp": "2025-12-19T13:56:41.510863",
  "base_random_seed": 42,
  "random_seed": 59,
  "pso_config": {
    "num_particles": 30,
    "num_iterations": 50,
    "inertia_weight": 0.7,
    "cognitive_coeff": 2.0,
    "social_coeff": 2.0,
    "v_min": -6.0,
    "v_max": 6.0,
    "init_position_prob": 0.5
  },
  "svm_config": {
    "C": 4096.0,
    "kernel": "rbf",
    "gamma": null,
    "r": 1.0
  },
  "best_fitness": 0.774047619047619,
  "num_selected_features": 13,
  "best_position": [
    0,
    0,
    1,
    0,
    0,
    0,
    0,
    0,
    0,
    0,
    0,
    1,
    0,
    1,
    0,
    0,
    0,
    0,
    0,
    0,
    1,
    0,
    1,
    0,
    1,
    1,
    1,
    0,
    0,
    0,
    0,
    0,
    0,
    0,
    0,
    1,
    0,
    0,
    0,
    0,
    0,
    0,
    0,
    0,
    0,
    0,
    1,
    1,
    0,
    0,
    0,
    0,
    0,
    0,
    0,
    0,
    0,
    1,
    0,
    1
  ],
  "fitness_history": [
    0.6107142857142858,
    0.6109523809523811,
    0.6442857142857142,
    0.6692857142857143,
    0.6692857142857143,
    0.6692857142857143,
    0.6692857142857143,
    0.6692857142857143,
    0.6692857142857143,
    0.6692857142857143,
    0.6692857142857143,
    0.6733333333333335,
    0.6926190476190477,
    0.6926190476190477,
    0.6926190476190477,
    0.6969047619047619,
    0.6969047619047619,
    0.6969047619047619,
    0.6969047619047619,
    0.6973809523809524,
    0.6973809523809524,
    0.7119047619047618,
    0.7119047619047618,
    0.7119047619047618,
    0.7119047619047618,
    0.7119047619047618,
    0.7119047619047618,
    0.7119047619047618,
    0.7119047619047618,
    0.7352380952380952,
    0.7352380952380952,
    0.7352380952380952,
    0.7352380952380952,
    0.7352380952380952,
    0.7352380952380952,
    0.7352380952380952,
    0.7352380952380952,
    0.7352380952380952,
    0.7352380952380952,
    0.7447619047619047,
    0.774047619047619,
    0.774047619047619,
    0.774047619047619,
    0.774047619047619,
    0.774047619047619,
    0.774047619047619,
    0.774047619047619,
    0.774047619047619,
    0.774047619047619,
    0.774047619047619
  ]
}