{
  "dataset_name": "sonar",
  "run_index": 26,
  "timestamp": "2025-12-19T14:02:53.404318",
  "base_random_seed": 42,
  "random_seed": 68,
  "pso_config": {
    "num_particles": 30,
    "num_iterations": 50,
    "inertia_weight": 0.7,
    "cognitive_coeff": 2.0,
    "social_coeff": 2.0,
    "v_min": -6.0,
    "v_max": 6.0,
    "init_position_prob": 0.5
  },
  "svm_config": {
    "C": 4096.0,
    "kernel": "rbf",
    "gamma": null,
    "r": 1.0
  },
  "best_fitness": 0.7835714285714286,
  "num_selected_features": 14,
  "best_position": [
    0,
    0,
    0,
    0,
    0,
    0,
    0,
    0,
    0,
    0,
    1,
    0,
    1,
    0,
    0,
    1,
    1,
    1,
    0,
    0,
    0,
    0,
    0,
    0,
    0,
    1,
    1,
    0,
    1,
    0,
    1,
    1,
    0,
    0,
    0,
    0,
    0,
    1,
    0,
    0,
    1,
    0,
    0,
    1,
    1,
    0,
    0,
    0,
    0,
    0,
    0,
    0,
    0,
    0,
    0,
    0,
    0,
    0,
    0,
    0
  ],
  "fitness_history": [
    0.6016666666666666,
    0.6102380952380952,
    0.6535714285714287,
    0.6535714285714287,
    0.6638095238095237,
    0.6638095238095237,
    0.6638095238095237,
    0.6683333333333334,
    0.6926190476190477,
    0.6926190476190477,
    0.6926190476190477,
    0.6969047619047618,
    0.6969047619047618,
    0.6969047619047618,
    0.6969047619047618,
    0.7161904761904762,
    0.7402380952380953,
    0.7402380952380953,
    0.7402380952380953,
    0.7402380952380953,
    0.7402380952380953,
    0.7402380952380953,
    0.7402380952380953,
    0.7402380952380953,
    0.7402380952380953,
    0.7402380952380953,
    0.7402380952380953,
    0.7447619047619047,
    0.7447619047619047,
    0.7447619047619047,
    0.7447619047619047,
    0.7835714285714286,
    0.7835714285714286,
    0.7835714285714286,
    0.7835714285714286,
    0.7835714285714286,
    0.7835714285714286,
    0.7835714285714286,
    0.7835714285714286,
    0.7835714285714286,
    0.7835714285714286,
    0.7835714285714286,
    0.7835714285714286,
    0.7835714285714286,
    0.7835714285714286,
    0.7835714285714286,
    0.7835714285714286,
    0.7835714285714286,
    0.7835714285714286,
    0.7835714285714286
  ]
}