{
  "dataset_name": "sonar",
  "run_index": 18,
  "timestamp": "2025-12-19T13:57:25.796548",
  "base_random_seed": 42,
  "random_seed": 60,
  "pso_config": {
    "num_particles": 30,
    "num_iterations": 50,
    "inertia_weight": 0.7,
    "cognitive_coeff": 2.0,
    "social_coeff": 2.0,
    "v_min": -6.0,
    "v_max": 6.0,
    "init_position_prob": 0.5
  },
  "svm_config": {
    "C": 4096.0,
    "kernel": "rbf",
    "gamma": null,
    "r": 1.0
  },
  "best_fitness": 0.7785714285714286,
  "num_selected_features": 12,
  "best_position": [
    0,
    0,
    0,
    0,
    0,
    0,
    0,
    1,
    0,
    0,
    0,
    1,
    0,
    0,
    0,
    0,
    0,
    0,
    1,
    1,
    0,
    1,
    0,
    0,
    1,
    0,
    0,
    0,
    0,
    0,
    1,
    0,
    0,
    0,
    0,
    0,
    0,
    0,
    0,
    1,
    0,
    0,
    0,
    1,
    0,
    0,
    0,
    1,
    0,
    0,
    1,
    1,
    0,
    0,
    0,
    0,
    0,
    0,
    0,
    0
  ],
  "fitness_history": [
    0.6247619047619046,
    0.6247619047619046,
    0.6492857142857142,
    0.6492857142857142,
    0.6492857142857142,
    0.6633333333333334,
    0.6633333333333334,
    0.6823809523809523,
    0.6828571428571429,
    0.715952380952381,
    0.715952380952381,
    0.715952380952381,
    0.715952380952381,
    0.715952380952381,
    0.715952380952381,
    0.715952380952381,
    0.7269047619047619,
    0.7269047619047619,
    0.7269047619047619,
    0.7269047619047619,
    0.7269047619047619,
    0.7269047619047619,
    0.7269047619047619,
    0.7747619047619048,
    0.7747619047619048,
    0.7747619047619048,
    0.7747619047619048,
    0.7747619047619048,
    0.7747619047619048,
    0.7747619047619048,
    0.7785714285714286,
    0.7785714285714286,
    0.7785714285714286,
    0.7785714285714286,
    0.7785714285714286,
    0.7785714285714286,
    0.7785714285714286,
    0.7785714285714286,
    0.7785714285714286,
    0.7785714285714286,
    0.7785714285714286,
    0.7785714285714286,
    0.7785714285714286,
    0.7785714285714286,
    0.7785714285714286,
    0.7785714285714286,
    0.7785714285714286,
    0.7785714285714286,
    0.7785714285714286,
    0.7785714285714286
  ]
}