{
  "dataset_name": "sonar",
  "run_index": 28,
  "timestamp": "2025-12-19T14:04:15.484055",
  "base_random_seed": 42,
  "random_seed": 70,
  "pso_config": {
    "num_particles": 30,
    "num_iterations": 50,
    "inertia_weight": 0.7,
    "cognitive_coeff": 2.0,
    "social_coeff": 2.0,
    "v_min": -6.0,
    "v_max": 6.0,
    "init_position_prob": 0.5
  },
  "svm_config": {
    "C": 4096.0,
    "kernel": "rbf",
    "gamma": null,
    "r": 1.0
  },
  "best_fitness": 0.7830952380952382,
  "num_selected_features": 12,
  "best_position": [
    0,
    0,
    0,
    0,
    0,
    0,
    0,
    0,
    1,
    0,
    0,
    1,
    0,
    0,
    0,
    0,
    0,
    1,
    0,
    1,
    0,
    0,
    0,
    0,
    1,
    0,
    0,
    0,
    0,
    0,
    1,
    0,
    1,
    0,
    1,
    0,
    0,
    1,
    0,
    0,
    0,
    1,
    0,
    0,
    1,
    1,
    0,
    0,
    0,
    0,
    0,
    0,
    0,
    0,
    0,
    0,
    0,
    0,
    0,
    0
  ],
  "fitness_history": [
    0.6154761904761905,
    0.6395238095238096,
    0.6438095238095238,
    0.6495238095238095,
    0.6780952380952382,
    0.6780952380952382,
    0.6780952380952382,
    0.6780952380952382,
    0.6780952380952382,
    0.6780952380952382,
    0.6780952380952382,
    0.6780952380952382,
    0.6926190476190477,
    0.6926190476190477,
    0.6926190476190477,
    0.6926190476190477,
    0.6926190476190477,
    0.6926190476190477,
    0.6926190476190477,
    0.6926190476190477,
    0.6926190476190477,
    0.6978571428571428,
    0.6978571428571428,
    0.7359523809523809,
    0.7359523809523809,
    0.7359523809523809,
    0.7359523809523809,
    0.7359523809523809,
    0.7359523809523809,
    0.7359523809523809,
    0.7359523809523809,
    0.7359523809523809,
    0.7359523809523809,
    0.7359523809523809,
    0.7359523809523809,
    0.7359523809523809,
    0.7359523809523809,
    0.7359523809523809,
    0.7830952380952382,
    0.7830952380952382,
    0.7830952380952382,
    0.7830952380952382,
    0.7830952380952382,
    0.7830952380952382,
    0.7830952380952382,
    0.7830952380952382,
    0.7830952380952382,
    0.7830952380952382,
    0.7830952380952382,
    0.7830952380952382
  ]
}