{
  "dataset_name": "sonar",
  "run_index": 22,
  "timestamp": "2025-12-19T14:00:09.214323",
  "base_random_seed": 42,
  "random_seed": 64,
  "pso_config": {
    "num_particles": 30,
    "num_iterations": 50,
    "inertia_weight": 0.7,
    "cognitive_coeff": 2.0,
    "social_coeff": 2.0,
    "v_min": -6.0,
    "v_max": 6.0,
    "init_position_prob": 0.5
  },
  "svm_config": {
    "C": 4096.0,
    "kernel": "rbf",
    "gamma": null,
    "r": 1.0
  },
  "best_fitness": 0.7630952380952382,
  "num_selected_features": 13,
  "best_position": [
    0,
    0,
    0,
    0,
    0,
    0,
    0,
    0,
    0,
    1,
    1,
    1,
    0,
    0,
    0,
    0,
    0,
    0,
    0,
    0,
    0,
    0,
    0,
    0,
    0,
    1,
    0,
    1,
    0,
    1,
    1,
    0,
    0,
    1,
    0,
    0,
    0,
    0,
    0,
    0,
    0,
    1,
    0,
    0,
    1,
    1,
    1,
    0,
    0,
    0,
    0,
    0,
    0,
    0,
    1,
    0,
    0,
    0,
    0,
    0
  ],
  "fitness_history": [
    0.6447619047619048,
    0.6447619047619048,
    0.6447619047619048,
    0.649047619047619,
    0.6626190476190476,
    0.6626190476190476,
    0.6626190476190476,
    0.7116666666666667,
    0.7116666666666667,
    0.7116666666666667,
    0.7116666666666667,
    0.7116666666666667,
    0.7116666666666667,
    0.7116666666666667,
    0.7121428571428571,
    0.7121428571428571,
    0.715952380952381,
    0.715952380952381,
    0.715952380952381,
    0.715952380952381,
    0.715952380952381,
    0.7488095238095238,
    0.7488095238095238,
    0.7630952380952382,
    0.7630952380952382,
    0.7630952380952382,
    0.7630952380952382,
    0.7630952380952382,
    0.7630952380952382,
    0.7630952380952382,
    0.7630952380952382,
    0.7630952380952382,
    0.7630952380952382,
    0.7630952380952382,
    0.7630952380952382,
    0.7630952380952382,
    0.7630952380952382,
    0.7630952380952382,
    0.7630952380952382,
    0.7630952380952382,
    0.7630952380952382,
    0.7630952380952382,
    0.7630952380952382,
    0.7630952380952382,
    0.7630952380952382,
    0.7630952380952382,
    0.7630952380952382,
    0.7630952380952382,
    0.7630952380952382,
    0.7630952380952382
  ]
}