{
  "dataset_name": "sonar",
  "run_index": 14,
  "timestamp": "2025-12-19T13:54:34.801115",
  "base_random_seed": 42,
  "random_seed": 56,
  "pso_config": {
    "num_particles": 30,
    "num_iterations": 50,
    "inertia_weight": 0.7,
    "cognitive_coeff": 2.0,
    "social_coeff": 2.0,
    "v_min": -6.0,
    "v_max": 6.0,
    "init_position_prob": 0.5
  },
  "svm_config": {
    "C": 4096.0,
    "kernel": "rbf",
    "gamma": null,
    "r": 1.0
  },
  "best_fitness": 0.76,
  "num_selected_features": 13,
  "best_position": [
    0,
    0,
    0,
    0,
    0,
    0,
    0,
    0,
    0,
    0,
    0,
    0,
    0,
    0,
    1,
    0,
    0,
    0,
    0,
    0,
    0,
    0,
    1,
    1,
    0,
    0,
    0,
    0,
    0,
    0,
    0,
    1,
    0,
    1,
    0,
    1,
    1,
    0,
    1,
    1,
    0,
    1,
    0,
    0,
    0,
    1,
    1,
    0,
    0,
    0,
    0,
    0,
    1,
    0,
    0,
    0,
    0,
    0,
    0,
    0
  ],
  "fitness_history": [
    0.644047619047619,
    0.644047619047619,
    0.644047619047619,
    0.644047619047619,
    0.644047619047619,
    0.6728571428571428,
    0.6728571428571428,
    0.6933333333333332,
    0.7066666666666667,
    0.7066666666666667,
    0.7066666666666667,
    0.7066666666666667,
    0.7066666666666667,
    0.7073809523809523,
    0.7073809523809523,
    0.7073809523809523,
    0.7073809523809523,
    0.7073809523809523,
    0.7073809523809523,
    0.7073809523809523,
    0.726190476190476,
    0.726190476190476,
    0.726190476190476,
    0.7359523809523811,
    0.7359523809523811,
    0.7359523809523811,
    0.7359523809523811,
    0.7359523809523811,
    0.7359523809523811,
    0.7359523809523811,
    0.7359523809523811,
    0.7359523809523811,
    0.7359523809523811,
    0.7359523809523811,
    0.7359523809523811,
    0.7359523809523811,
    0.7359523809523811,
    0.7359523809523811,
    0.7359523809523811,
    0.76,
    0.76,
    0.76,
    0.76,
    0.76,
    0.76,
    0.76,
    0.76,
    0.76,
    0.76,
    0.76
  ]
}