{
  "dataset_name": "sonar",
  "run_index": 9,
  "timestamp": "2025-12-19T13:51:13.232854",
  "base_random_seed": 42,
  "random_seed": 51,
  "pso_config": {
    "num_particles": 30,
    "num_iterations": 50,
    "inertia_weight": 0.7,
    "cognitive_coeff": 2.0,
    "social_coeff": 2.0,
    "v_min": -6.0,
    "v_max": 6.0,
    "init_position_prob": 0.5
  },
  "svm_config": {
    "C": 4096.0,
    "kernel": "rbf",
    "gamma": null,
    "r": 1.0
  },
  "best_fitness": 0.7795238095238095,
  "num_selected_features": 12,
  "best_position": [
    0,
    0,
    1,
    0,
    0,
    0,
    0,
    0,
    0,
    0,
    1,
    0,
    0,
    0,
    0,
    0,
    0,
    0,
    0,
    0,
    1,
    1,
    1,
    0,
    1,
    0,
    0,
    0,
    0,
    0,
    0,
    0,
    0,
    1,
    1,
    0,
    0,
    0,
    0,
    0,
    1,
    1,
    0,
    0,
    0,
    0,
    0,
    1,
    0,
    0,
    0,
    0,
    0,
    0,
    0,
    0,
    0,
    0,
    1,
    0
  ],
  "fitness_history": [
    0.6019047619047618,
    0.6161904761904762,
    0.6202380952380953,
    0.6347619047619047,
    0.6588095238095238,
    0.6588095238095238,
    0.6588095238095238,
    0.6776190476190477,
    0.6776190476190477,
    0.6776190476190477,
    0.6830952380952382,
    0.6830952380952382,
    0.7159523809523809,
    0.7159523809523809,
    0.7404761904761905,
    0.7404761904761905,
    0.7404761904761905,
    0.7404761904761905,
    0.7404761904761905,
    0.7404761904761905,
    0.7404761904761905,
    0.7404761904761905,
    0.7404761904761905,
    0.7404761904761905,
    0.7795238095238095,
    0.7795238095238095,
    0.7795238095238095,
    0.7795238095238095,
    0.7795238095238095,
    0.7795238095238095,
    0.7795238095238095,
    0.7795238095238095,
    0.7795238095238095,
    0.7795238095238095,
    0.7795238095238095,
    0.7795238095238095,
    0.7795238095238095,
    0.7795238095238095,
    0.7795238095238095,
    0.7795238095238095,
    0.7795238095238095,
    0.7795238095238095,
    0.7795238095238095,
    0.7795238095238095,
    0.7795238095238095,
    0.7795238095238095,
    0.7795238095238095,
    0.7795238095238095,
    0.7795238095238095,
    0.7795238095238095
  ]
}