{
  "dataset_name": "sonar",
  "run_index": 23,
  "timestamp": "2025-12-19T14:00:49.869709",
  "base_random_seed": 42,
  "random_seed": 65,
  "pso_config": {
    "num_particles": 30,
    "num_iterations": 50,
    "inertia_weight": 0.7,
    "cognitive_coeff": 2.0,
    "social_coeff": 2.0,
    "v_min": -6.0,
    "v_max": 6.0,
    "init_position_prob": 0.5
  },
  "svm_config": {
    "C": 4096.0,
    "kernel": "rbf",
    "gamma": null,
    "r": 1.0
  },
  "best_fitness": 0.7545238095238095,
  "num_selected_features": 13,
  "best_position": [
    0,
    0,
    0,
    0,
    0,
    0,
    0,
    0,
    0,
    1,
    1,
    1,
    0,
    1,
    0,
    0,
    0,
    1,
    0,
    0,
    1,
    0,
    0,
    0,
    0,
    0,
    0,
    1,
    0,
    1,
    0,
    0,
    0,
    0,
    1,
    0,
    1,
    0,
    1,
    0,
    0,
    1,
    0,
    0,
    0,
    0,
    0,
    0,
    0,
    0,
    0,
    0,
    0,
    0,
    0,
    0,
    0,
    1,
    0,
    0
  ],
  "fitness_history": [
    0.6109523809523809,
    0.6199999999999999,
    0.6199999999999999,
    0.6297619047619047,
    0.6542857142857142,
    0.6542857142857142,
    0.6542857142857142,
    0.6542857142857142,
    0.6778571428571428,
    0.6778571428571428,
    0.6783333333333333,
    0.6871428571428572,
    0.7116666666666667,
    0.7116666666666667,
    0.7116666666666667,
    0.7116666666666667,
    0.7116666666666667,
    0.7116666666666667,
    0.7309523809523809,
    0.7309523809523809,
    0.7309523809523809,
    0.7309523809523809,
    0.7309523809523809,
    0.7309523809523809,
    0.7309523809523809,
    0.7309523809523809,
    0.7309523809523809,
    0.7309523809523809,
    0.7309523809523809,
    0.7309523809523809,
    0.7545238095238095,
    0.7545238095238095,
    0.7545238095238095,
    0.7545238095238095,
    0.7545238095238095,
    0.7545238095238095,
    0.7545238095238095,
    0.7545238095238095,
    0.7545238095238095,
    0.7545238095238095,
    0.7545238095238095,
    0.7545238095238095,
    0.7545238095238095,
    0.7545238095238095,
    0.7545238095238095,
    0.7545238095238095,
    0.7545238095238095,
    0.7545238095238095,
    0.7545238095238095,
    0.7545238095238095
  ]
}