{
  "dataset_name": "sonar",
  "run_index": 8,
  "timestamp": "2025-12-19T13:50:33.312729",
  "base_random_seed": 42,
  "random_seed": 50,
  "pso_config": {
    "num_particles": 30,
    "num_iterations": 50,
    "inertia_weight": 0.7,
    "cognitive_coeff": 2.0,
    "social_coeff": 2.0,
    "v_min": -6.0,
    "v_max": 6.0,
    "init_position_prob": 0.5
  },
  "svm_config": {
    "C": 4096.0,
    "kernel": "rbf",
    "gamma": null,
    "r": 1.0
  },
  "best_fitness": 0.7542857142857142,
  "num_selected_features": 14,
  "best_position": [
    1,
    0,
    0,
    0,
    0,
    0,
    0,
    0,
    1,
    0,
    1,
    1,
    0,
    0,
    0,
    0,
    0,
    0,
    0,
    0,
    0,
    0,
    0,
    1,
    1,
    1,
    0,
    1,
    0,
    0,
    1,
    0,
    0,
    0,
    1,
    0,
    0,
    0,
    0,
    0,
    0,
    1,
    1,
    0,
    0,
    1,
    0,
    0,
    1,
    0,
    0,
    0,
    0,
    0,
    0,
    0,
    0,
    0,
    0,
    0
  ],
  "fitness_history": [
    0.6011904761904762,
    0.6485714285714286,
    0.6485714285714286,
    0.6485714285714286,
    0.6485714285714286,
    0.6485714285714286,
    0.6633333333333333,
    0.6633333333333333,
    0.6728571428571429,
    0.6728571428571429,
    0.6728571428571429,
    0.6728571428571429,
    0.6728571428571429,
    0.6728571428571429,
    0.6728571428571429,
    0.6728571428571429,
    0.6728571428571429,
    0.6728571428571429,
    0.6735714285714286,
    0.6876190476190477,
    0.6876190476190477,
    0.6876190476190477,
    0.7021428571428572,
    0.7021428571428572,
    0.7257142857142858,
    0.7257142857142858,
    0.7257142857142858,
    0.7266666666666667,
    0.7266666666666667,
    0.7266666666666667,
    0.7266666666666667,
    0.7266666666666667,
    0.7266666666666667,
    0.7307142857142856,
    0.7307142857142856,
    0.7307142857142856,
    0.7307142857142856,
    0.7307142857142856,
    0.7307142857142856,
    0.7307142857142856,
    0.7307142857142856,
    0.7307142857142856,
    0.7307142857142856,
    0.7307142857142856,
    0.7307142857142856,
    0.7307142857142856,
    0.7307142857142856,
    0.7307142857142856,
    0.7307142857142856,
    0.7542857142857142
  ]
}