{
  "dataset_name": "sonar",
  "run_index": 7,
  "timestamp": "2025-12-19T13:49:53.737076",
  "base_random_seed": 42,
  "random_seed": 49,
  "pso_config": {
    "num_particles": 30,
    "num_iterations": 50,
    "inertia_weight": 0.7,
    "cognitive_coeff": 2.0,
    "social_coeff": 2.0,
    "v_min": -6.0,
    "v_max": 6.0,
    "init_position_prob": 0.5
  },
  "svm_config": {
    "C": 4096.0,
    "kernel": "rbf",
    "gamma": null,
    "r": 1.0
  },
  "best_fitness": 0.7597619047619047,
  "num_selected_features": 12,
  "best_position": [
    0,
    0,
    0,
    1,
    0,
    0,
    1,
    0,
    0,
    1,
    0,
    0,
    1,
    0,
    0,
    0,
    0,
    0,
    0,
    0,
    0,
    0,
    1,
    0,
    1,
    0,
    0,
    0,
    0,
    0,
    0,
    0,
    0,
    0,
    0,
    0,
    1,
    1,
    0,
    0,
    0,
    0,
    0,
    0,
    1,
    1,
    0,
    0,
    0,
    0,
    1,
    0,
    0,
    0,
    0,
    0,
    0,
    0,
    1,
    0
  ],
  "fitness_history": [
    0.6009523809523809,
    0.6152380952380951,
    0.6152380952380953,
    0.6204761904761905,
    0.6442857142857144,
    0.6871428571428572,
    0.6871428571428572,
    0.6871428571428572,
    0.6871428571428572,
    0.6871428571428572,
    0.6871428571428572,
    0.6871428571428572,
    0.6871428571428572,
    0.6871428571428572,
    0.687857142857143,
    0.687857142857143,
    0.687857142857143,
    0.7257142857142858,
    0.7257142857142858,
    0.7257142857142858,
    0.7257142857142858,
    0.7257142857142858,
    0.7257142857142858,
    0.7257142857142858,
    0.7257142857142858,
    0.7452380952380953,
    0.7452380952380953,
    0.7452380952380953,
    0.7452380952380953,
    0.7452380952380953,
    0.7452380952380953,
    0.7452380952380953,
    0.7452380952380953,
    0.7452380952380953,
    0.7452380952380953,
    0.7452380952380953,
    0.7452380952380953,
    0.7452380952380953,
    0.7452380952380953,
    0.7452380952380953,
    0.7452380952380953,
    0.7452380952380953,
    0.7597619047619047,
    0.7597619047619047,
    0.7597619047619047,
    0.7597619047619047,
    0.7597619047619047,
    0.7597619047619047,
    0.7597619047619047,
    0.7597619047619047
  ]
}