{
  "dataset_name": "sonar",
  "run_index": 15,
  "timestamp": "2025-12-19T13:55:14.986743",
  "base_random_seed": 42,
  "random_seed": 57,
  "pso_config": {
    "num_particles": 30,
    "num_iterations": 50,
    "inertia_weight": 0.7,
    "cognitive_coeff": 2.0,
    "social_coeff": 2.0,
    "v_min": -6.0,
    "v_max": 6.0,
    "init_position_prob": 0.5
  },
  "svm_config": {
    "C": 4096.0,
    "kernel": "rbf",
    "gamma": null,
    "r": 1.0
  },
  "best_fitness": 0.7502380952380953,
  "num_selected_features": 15,
  "best_position": [
    0,
    0,
    0,
    0,
    0,
    0,
    0,
    1,
    0,
    1,
    1,
    0,
    0,
    0,
    0,
    1,
    1,
    1,
    0,
    0,
    0,
    0,
    0,
    1,
    0,
    0,
    0,
    0,
    1,
    0,
    1,
    0,
    0,
    1,
    0,
    1,
    0,
    0,
    0,
    0,
    0,
    0,
    0,
    1,
    1,
    1,
    0,
    0,
    0,
    0,
    0,
    0,
    0,
    0,
    0,
    0,
    0,
    0,
    1,
    0
  ],
  "fitness_history": [
    0.6247619047619046,
    0.6490476190476191,
    0.6490476190476191,
    0.654047619047619,
    0.687857142857143,
    0.687857142857143,
    0.687857142857143,
    0.687857142857143,
    0.687857142857143,
    0.687857142857143,
    0.7026190476190476,
    0.7026190476190476,
    0.7164285714285714,
    0.7164285714285714,
    0.7164285714285714,
    0.7164285714285714,
    0.7164285714285714,
    0.7164285714285714,
    0.7164285714285714,
    0.7164285714285714,
    0.7164285714285714,
    0.7407142857142858,
    0.7407142857142858,
    0.7407142857142858,
    0.7407142857142858,
    0.7407142857142858,
    0.7407142857142858,
    0.7407142857142858,
    0.7407142857142858,
    0.7407142857142858,
    0.7407142857142858,
    0.7407142857142858,
    0.7495238095238095,
    0.7495238095238095,
    0.7495238095238095,
    0.7495238095238095,
    0.7495238095238095,
    0.7502380952380953,
    0.7502380952380953,
    0.7502380952380953,
    0.7502380952380953,
    0.7502380952380953,
    0.7502380952380953,
    0.7502380952380953,
    0.7502380952380953,
    0.7502380952380953,
    0.7502380952380953,
    0.7502380952380953,
    0.7502380952380953,
    0.7502380952380953
  ]
}