{
  "dataset_name": "sonar",
  "run_index": 27,
  "timestamp": "2025-12-19T14:03:34.465465",
  "base_random_seed": 42,
  "random_seed": 69,
  "pso_config": {
    "num_particles": 30,
    "num_iterations": 50,
    "inertia_weight": 0.7,
    "cognitive_coeff": 2.0,
    "social_coeff": 2.0,
    "v_min": -6.0,
    "v_max": 6.0,
    "init_position_prob": 0.5
  },
  "svm_config": {
    "C": 4096.0,
    "kernel": "rbf",
    "gamma": null,
    "r": 1.0
  },
  "best_fitness": 0.7833333333333333,
  "num_selected_features": 11,
  "best_position": [
    0,
    0,
    0,
    0,
    0,
    0,
    0,
    0,
    1,
    1,
    0,
    0,
    0,
    0,
    0,
    0,
    1,
    0,
    1,
    0,
    1,
    0,
    0,
    0,
    0,
    0,
    0,
    0,
    0,
    0,
    0,
    0,
    0,
    0,
    1,
    0,
    0,
    1,
    0,
    1,
    0,
    0,
    0,
    0,
    0,
    1,
    0,
    0,
    1,
    1,
    0,
    0,
    0,
    0,
    0,
    0,
    0,
    0,
    0,
    0
  ],
  "fitness_history": [
    0.62,
    0.62,
    0.62,
    0.635,
    0.6490476190476191,
    0.6640476190476191,
    0.6640476190476191,
    0.6640476190476191,
    0.6728571428571428,
    0.6778571428571429,
    0.6778571428571429,
    0.6778571428571429,
    0.6778571428571429,
    0.7364285714285714,
    0.7364285714285714,
    0.7364285714285714,
    0.7364285714285714,
    0.7364285714285714,
    0.7364285714285714,
    0.7364285714285714,
    0.7364285714285714,
    0.7364285714285714,
    0.7364285714285714,
    0.7364285714285714,
    0.7364285714285714,
    0.7364285714285714,
    0.7364285714285714,
    0.7364285714285714,
    0.7364285714285714,
    0.7364285714285714,
    0.7364285714285714,
    0.7364285714285714,
    0.7364285714285714,
    0.7364285714285714,
    0.7364285714285714,
    0.7364285714285714,
    0.7364285714285714,
    0.7364285714285714,
    0.7364285714285714,
    0.7540476190476191,
    0.7540476190476191,
    0.7540476190476191,
    0.7540476190476191,
    0.7540476190476191,
    0.7540476190476191,
    0.7540476190476191,
    0.7833333333333333,
    0.7833333333333333,
    0.7833333333333333,
    0.7833333333333333
  ]
}