{
  "dataset_name": "sonar",
  "run_index": 10,
  "timestamp": "2025-12-19T13:51:53.340705",
  "base_random_seed": 42,
  "random_seed": 52,
  "pso_config": {
    "num_particles": 30,
    "num_iterations": 50,
    "inertia_weight": 0.7,
    "cognitive_coeff": 2.0,
    "social_coeff": 2.0,
    "v_min": -6.0,
    "v_max": 6.0,
    "init_position_prob": 0.5
  },
  "svm_config": {
    "C": 4096.0,
    "kernel": "rbf",
    "gamma": null,
    "r": 1.0
  },
  "best_fitness": 0.7697619047619048,
  "num_selected_features": 11,
  "best_position": [
    0,
    0,
    1,
    0,
    0,
    0,
    0,
    1,
    0,
    0,
    1,
    0,
    0,
    0,
    0,
    0,
    0,
    0,
    1,
    0,
    1,
    0,
    0,
    1,
    0,
    0,
    0,
    0,
    0,
    0,
    0,
    0,
    0,
    0,
    0,
    0,
    0,
    0,
    0,
    0,
    0,
    1,
    0,
    0,
    0,
    1,
    0,
    0,
    1,
    0,
    0,
    0,
    1,
    1,
    0,
    0,
    0,
    0,
    0,
    0
  ],
  "fitness_history": [
    0.6199999999999999,
    0.6199999999999999,
    0.6673809523809523,
    0.6921428571428572,
    0.6921428571428572,
    0.6921428571428572,
    0.6921428571428572,
    0.6921428571428572,
    0.6921428571428572,
    0.6921428571428572,
    0.6921428571428572,
    0.6921428571428572,
    0.6921428571428572,
    0.6921428571428572,
    0.6921428571428572,
    0.6921428571428572,
    0.6921428571428572,
    0.6921428571428572,
    0.6921428571428572,
    0.6921428571428572,
    0.6921428571428572,
    0.6921428571428572,
    0.6921428571428572,
    0.6921428571428572,
    0.6921428571428572,
    0.6964285714285714,
    0.6964285714285714,
    0.7071428571428571,
    0.7071428571428571,
    0.7071428571428571,
    0.7302380952380952,
    0.7302380952380952,
    0.7302380952380952,
    0.7302380952380952,
    0.7302380952380952,
    0.7302380952380952,
    0.7302380952380952,
    0.7302380952380952,
    0.7302380952380952,
    0.7302380952380952,
    0.7302380952380952,
    0.7302380952380952,
    0.7304761904761905,
    0.7304761904761905,
    0.7304761904761905,
    0.7304761904761905,
    0.7304761904761905,
    0.7304761904761905,
    0.7495238095238095,
    0.7495238095238095
  ]
}