{
  "dataset_name": "sonar",
  "run_index": 16,
  "timestamp": "2025-12-19T13:55:54.803801",
  "base_random_seed": 42,
  "random_seed": 58,
  "pso_config": {
    "num_particles": 30,
    "num_iterations": 50,
    "inertia_weight": 0.7,
    "cognitive_coeff": 2.0,
    "social_coeff": 2.0,
    "v_min": -6.0,
    "v_max": 6.0,
    "init_position_prob": 0.5
  },
  "svm_config": {
    "C": 4096.0,
    "kernel": "rbf",
    "gamma": null,
    "r": 1.0
  },
  "best_fitness": 0.7547619047619047,
  "num_selected_features": 13,
  "best_position": [
    1,
    0,
    0,
    0,
    0,
    0,
    0,
    0,
    0,
    0,
    0,
    1,
    0,
    0,
    1,
    1,
    0,
    1,
    0,
    0,
    0,
    0,
    1,
    1,
    0,
    0,
    1,
    0,
    0,
    0,
    0,
    0,
    0,
    1,
    0,
    0,
    0,
    0,
    0,
    0,
    0,
    0,
    0,
    0,
    0,
    0,
    1,
    0,
    0,
    0,
    0,
    1,
    0,
    0,
    0,
    0,
    0,
    1,
    1,
    0
  ],
  "fitness_history": [
    0.6061904761904764,
    0.6154761904761905,
    0.6204761904761906,
    0.6492857142857142,
    0.6492857142857142,
    0.6971428571428572,
    0.6971428571428572,
    0.6971428571428572,
    0.6971428571428572,
    0.6971428571428572,
    0.6971428571428572,
    0.6980952380952381,
    0.6980952380952381,
    0.7354761904761905,
    0.7354761904761905,
    0.7354761904761905,
    0.7354761904761905,
    0.7354761904761905,
    0.7354761904761905,
    0.7354761904761905,
    0.7354761904761905,
    0.7354761904761905,
    0.7354761904761905,
    0.7354761904761905,
    0.7354761904761905,
    0.7354761904761905,
    0.74,
    0.74,
    0.74,
    0.74,
    0.74,
    0.74,
    0.74,
    0.74,
    0.74,
    0.74,
    0.7492857142857142,
    0.7492857142857142,
    0.7492857142857142,
    0.7547619047619047,
    0.7547619047619047,
    0.7547619047619047,
    0.7547619047619047,
    0.7547619047619047,
    0.7547619047619047,
    0.7547619047619047,
    0.7547619047619047,
    0.7547619047619047,
    0.7547619047619047,
    0.7547619047619047
  ]
}