{
  "dataset_name": "sonar",
  "run_index": 12,
  "timestamp": "2025-12-19T13:53:14.727082",
  "base_random_seed": 42,
  "random_seed": 54,
  "pso_config": {
    "num_particles": 30,
    "num_iterations": 50,
    "inertia_weight": 0.7,
    "cognitive_coeff": 2.0,
    "social_coeff": 2.0,
    "v_min": -6.0,
    "v_max": 6.0,
    "init_position_prob": 0.5
  },
  "svm_config": {
    "C": 4096.0,
    "kernel": "rbf",
    "gamma": null,
    "r": 1.0
  },
  "best_fitness": 0.7838095238095237,
  "num_selected_features": 13,
  "best_position": [
    1,
    0,
    0,
    0,
    0,
    0,
    0,
    0,
    0,
    1,
    1,
    1,
    1,
    1,
    0,
    0,
    0,
    0,
    0,
    0,
    0,
    1,
    1,
    0,
    0,
    0,
    0,
    0,
    1,
    0,
    0,
    0,
    1,
    0,
    0,
    0,
    0,
    1,
    0,
    0,
    0,
    1,
    0,
    0,
    0,
    0,
    0,
    1,
    0,
    0,
    0,
    0,
    0,
    0,
    0,
    0,
    0,
    0,
    0,
    0
  ],
  "fitness_history": [
    0.6061904761904763,
    0.615,
    0.6297619047619047,
    0.65,
    0.669047619047619,
    0.669047619047619,
    0.669047619047619,
    0.669047619047619,
    0.6773809523809524,
    0.6773809523809524,
    0.6773809523809524,
    0.687857142857143,
    0.7116666666666667,
    0.7116666666666667,
    0.7257142857142858,
    0.7257142857142858,
    0.7257142857142858,
    0.7257142857142858,
    0.7257142857142858,
    0.7257142857142858,
    0.7452380952380953,
    0.7452380952380953,
    0.7452380952380953,
    0.7452380952380953,
    0.7452380952380953,
    0.7452380952380953,
    0.7452380952380953,
    0.7452380952380953,
    0.7452380952380953,
    0.7597619047619047,
    0.7597619047619047,
    0.7597619047619047,
    0.7597619047619047,
    0.7597619047619047,
    0.7597619047619047,
    0.7597619047619047,
    0.7597619047619047,
    0.7597619047619047,
    0.7597619047619047,
    0.7838095238095237,
    0.7838095238095237,
    0.7838095238095237,
    0.7838095238095237,
    0.7838095238095237,
    0.7838095238095237,
    0.7838095238095237,
    0.7838095238095237,
    0.7838095238095237,
    0.7838095238095237,
    0.7838095238095237
  ]
}