{
  "dataset_name": "sonar",
  "run_index": 2,
  "timestamp": "2025-12-19T13:46:33.806623",
  "base_random_seed": 42,
  "random_seed": 44,
  "pso_config": {
    "num_particles": 30,
    "num_iterations": 50,
    "inertia_weight": 0.7,
    "cognitive_coeff": 2.0,
    "social_coeff": 2.0,
    "v_min": -6.0,
    "v_max": 6.0,
    "init_position_prob": 0.5
  },
  "svm_config": {
    "C": 4096.0,
    "kernel": "rbf",
    "gamma": null,
    "r": 1.0
  },
  "best_fitness": 0.7647619047619048,
  "num_selected_features": 11,
  "best_position": [
    0,
    0,
    0,
    0,
    0,
    0,
    0,
    0,
    1,
    1,
    0,
    0,
    1,
    1,
    0,
    1,
    0,
    1,
    0,
    0,
    0,
    0,
    0,
    0,
    0,
    0,
    0,
    0,
    0,
    1,
    0,
    0,
    0,
    0,
    1,
    0,
    0,
    0,
    1,
    0,
    0,
    0,
    0,
    0,
    0,
    0,
    0,
    1,
    0,
    0,
    0,
    0,
    0,
    0,
    0,
    1,
    0,
    0,
    0,
    0
  ],
  "fitness_history": [
    0.6833333333333333,
    0.6833333333333333,
    0.6833333333333333,
    0.6833333333333333,
    0.6833333333333333,
    0.6833333333333333,
    0.6964285714285714,
    0.6964285714285714,
    0.6964285714285714,
    0.6964285714285714,
    0.6964285714285714,
    0.6964285714285714,
    0.6964285714285714,
    0.7361904761904762,
    0.7361904761904762,
    0.7361904761904762,
    0.7361904761904762,
    0.7502380952380953,
    0.7502380952380953,
    0.7502380952380953,
    0.7502380952380953,
    0.7602380952380952,
    0.7602380952380952,
    0.7602380952380952,
    0.7602380952380952,
    0.7602380952380952,
    0.7602380952380952,
    0.7602380952380952,
    0.7602380952380952,
    0.7602380952380952,
    0.7602380952380952,
    0.7602380952380952,
    0.7602380952380952,
    0.7602380952380952,
    0.7602380952380952,
    0.7602380952380952,
    0.7602380952380952,
    0.7602380952380952,
    0.7602380952380952,
    0.7602380952380952,
    0.7602380952380952,
    0.7602380952380952,
    0.7602380952380952,
    0.7602380952380952,
    0.7602380952380952,
    0.7602380952380952,
    0.7647619047619048,
    0.7647619047619048,
    0.7647619047619048,
    0.7647619047619048
  ]
}