{
  "dataset_name": "sonar",
  "run_index": 29,
  "timestamp": "2025-12-19T14:04:55.878262",
  "base_random_seed": 42,
  "random_seed": 71,
  "pso_config": {
    "num_particles": 30,
    "num_iterations": 50,
    "inertia_weight": 0.7,
    "cognitive_coeff": 2.0,
    "social_coeff": 2.0,
    "v_min": -6.0,
    "v_max": 6.0,
    "init_position_prob": 0.5
  },
  "svm_config": {
    "C": 4096.0,
    "kernel": "rbf",
    "gamma": null,
    "r": 1.0
  },
  "best_fitness": 0.7785714285714286,
  "num_selected_features": 12,
  "best_position": [
    0,
    0,
    0,
    0,
    0,
    0,
    0,
    1,
    0,
    1,
    0,
    0,
    0,
    0,
    1,
    0,
    0,
    0,
    0,
    0,
    1,
    0,
    1,
    0,
    0,
    0,
    0,
    0,
    0,
    0,
    0,
    1,
    0,
    1,
    1,
    0,
    1,
    0,
    0,
    1,
    0,
    0,
    0,
    0,
    1,
    0,
    1,
    0,
    0,
    0,
    0,
    0,
    0,
    0,
    0,
    0,
    0,
    0,
    0,
    0
  ],
  "fitness_history": [
    0.6057142857142858,
    0.6345238095238095,
    0.6345238095238095,
    0.6345238095238095,
    0.6345238095238095,
    0.6345238095238095,
    0.6347619047619049,
    0.6397619047619048,
    0.7119047619047618,
    0.7119047619047618,
    0.7119047619047618,
    0.7119047619047618,
    0.7119047619047618,
    0.7119047619047618,
    0.7264285714285713,
    0.7264285714285713,
    0.7264285714285713,
    0.7407142857142858,
    0.7407142857142858,
    0.7407142857142858,
    0.7407142857142858,
    0.7407142857142858,
    0.7407142857142858,
    0.7407142857142858,
    0.7407142857142858,
    0.7407142857142858,
    0.7407142857142858,
    0.7407142857142858,
    0.7407142857142858,
    0.7407142857142858,
    0.7407142857142858,
    0.7407142857142858,
    0.7407142857142858,
    0.7407142857142858,
    0.7407142857142858,
    0.7785714285714286,
    0.7785714285714286,
    0.7785714285714286,
    0.7785714285714286,
    0.7785714285714286,
    0.7785714285714286,
    0.7785714285714286,
    0.7785714285714286,
    0.7785714285714286,
    0.7785714285714286,
    0.7785714285714286,
    0.7785714285714286,
    0.7785714285714286,
    0.7785714285714286,
    0.7785714285714286
  ]
}