{
  "dataset_name": "sonar",
  "run_index": 1,
  "timestamp": "2025-12-19T13:45:53.311723",
  "base_random_seed": 42,
  "random_seed": 43,
  "pso_config": {
    "num_particles": 30,
    "num_iterations": 50,
    "inertia_weight": 0.7,
    "cognitive_coeff": 2.0,
    "social_coeff": 2.0,
    "v_min": -6.0,
    "v_max": 6.0,
    "init_position_prob": 0.5
  },
  "svm_config": {
    "C": 4096.0,
    "kernel": "rbf",
    "gamma": null,
    "r": 1.0
  },
  "best_fitness": 0.7878571428571428,
  "num_selected_features": 12,
  "best_position": [
    0,
    0,
    0,
    0,
    0,
    0,
    0,
    1,
    1,
    0,
    0,
    1,
    1,
    0,
    1,
    0,
    0,
    1,
    0,
    1,
    0,
    1,
    0,
    0,
    1,
    0,
    0,
    0,
    0,
    0,
    0,
    1,
    0,
    0,
    0,
    0,
    0,
    1,
    0,
    1,
    0,
    0,
    0,
    0,
    0,
    0,
    0,
    0,
    0,
    0,
    0,
    0,
    0,
    0,
    0,
    0,
    0,
    0,
    0,
    0
  ],
  "fitness_history": [
    0.6107142857142857,
    0.635,
    0.6392857142857142,
    0.6392857142857142,
    0.6392857142857142,
    0.645,
    0.673095238095238,
    0.673095238095238,
    0.6876190476190477,
    0.6876190476190477,
    0.6876190476190477,
    0.6876190476190477,
    0.6876190476190477,
    0.6876190476190477,
    0.7069047619047619,
    0.7069047619047619,
    0.7069047619047619,
    0.7069047619047619,
    0.7164285714285714,
    0.7502380952380953,
    0.7502380952380953,
    0.7502380952380953,
    0.7502380952380953,
    0.7502380952380953,
    0.7502380952380953,
    0.7502380952380953,
    0.7502380952380953,
    0.7502380952380953,
    0.7502380952380953,
    0.7502380952380953,
    0.7502380952380953,
    0.7502380952380953,
    0.7502380952380953,
    0.7502380952380953,
    0.7502380952380953,
    0.7878571428571428,
    0.7878571428571428,
    0.7878571428571428,
    0.7878571428571428,
    0.7878571428571428,
    0.7878571428571428,
    0.7878571428571428,
    0.7878571428571428,
    0.7878571428571428,
    0.7878571428571428,
    0.7878571428571428,
    0.7878571428571428,
    0.7878571428571428,
    0.7878571428571428,
    0.7878571428571428
  ]
}