{
  "dataset_name": "sonar",
  "run_index": 25,
  "timestamp": "2025-12-19T14:02:12.879280",
  "base_random_seed": 42,
  "random_seed": 67,
  "pso_config": {
    "num_particles": 30,
    "num_iterations": 50,
    "inertia_weight": 0.7,
    "cognitive_coeff": 2.0,
    "social_coeff": 2.0,
    "v_min": -6.0,
    "v_max": 6.0,
    "init_position_prob": 0.5
  },
  "svm_config": {
    "C": 4096.0,
    "kernel": "rbf",
    "gamma": null,
    "r": 1.0
  },
  "best_fitness": 0.7740476190476191,
  "num_selected_features": 11,
  "best_position": [
    0,
    0,
    0,
    0,
    0,
    0,
    1,
    0,
    0,
    0,
    1,
    0,
    0,
    0,
    1,
    0,
    1,
    0,
    0,
    0,
    1,
    0,
    1,
    0,
    1,
    0,
    0,
    0,
    1,
    0,
    0,
    0,
    0,
    1,
    0,
    0,
    0,
    1,
    1,
    0,
    0,
    0,
    0,
    0,
    0,
    0,
    0,
    0,
    0,
    0,
    0,
    0,
    0,
    0,
    0,
    0,
    0,
    0,
    0,
    0
  ],
  "fitness_history": [
    0.6207142857142858,
    0.6247619047619046,
    0.6254761904761905,
    0.6295238095238094,
    0.6295238095238094,
    0.635,
    0.6542857142857142,
    0.6542857142857142,
    0.659047619047619,
    0.6916666666666667,
    0.6916666666666667,
    0.720952380952381,
    0.720952380952381,
    0.720952380952381,
    0.720952380952381,
    0.720952380952381,
    0.720952380952381,
    0.7447619047619047,
    0.7447619047619047,
    0.7447619047619047,
    0.7447619047619047,
    0.7447619047619047,
    0.7447619047619047,
    0.7447619047619047,
    0.7447619047619047,
    0.7447619047619047,
    0.7447619047619047,
    0.7447619047619047,
    0.7447619047619047,
    0.7447619047619047,
    0.7447619047619047,
    0.7447619047619047,
    0.7447619047619047,
    0.7447619047619047,
    0.7447619047619047,
    0.7447619047619047,
    0.7457142857142858,
    0.7457142857142858,
    0.7740476190476191,
    0.7740476190476191,
    0.7740476190476191,
    0.7740476190476191,
    0.7740476190476191,
    0.7740476190476191,
    0.7740476190476191,
    0.7740476190476191,
    0.7740476190476191,
    0.7740476190476191,
    0.7740476190476191,
    0.7740476190476191
  ]
}