{
  "dataset_name": "sonar",
  "run_index": 6,
  "timestamp": "2025-12-19T13:49:13.598881",
  "base_random_seed": 42,
  "random_seed": 48,
  "pso_config": {
    "num_particles": 30,
    "num_iterations": 50,
    "inertia_weight": 0.7,
    "cognitive_coeff": 2.0,
    "social_coeff": 2.0,
    "v_min": -6.0,
    "v_max": 6.0,
    "init_position_prob": 0.5
  },
  "svm_config": {
    "C": 4096.0,
    "kernel": "rbf",
    "gamma": null,
    "r": 1.0
  },
  "best_fitness": 0.7742857142857142,
  "num_selected_features": 12,
  "best_position": [
    0,
    0,
    0,
    0,
    0,
    0,
    1,
    0,
    0,
    0,
    0,
    0,
    0,
    1,
    1,
    0,
    0,
    0,
    0,
    0,
    0,
    1,
    0,
    0,
    0,
    0,
    0,
    0,
    0,
    0,
    1,
    1,
    0,
    1,
    1,
    1,
    0,
    0,
    0,
    0,
    1,
    0,
    0,
    0,
    0,
    1,
    0,
    0,
    0,
    0,
    0,
    0,
    0,
    0,
    1,
    0,
    0,
    0,
    0,
    0
  ],
  "fitness_history": [
    0.6202380952380953,
    0.6259523809523809,
    0.6488095238095237,
    0.6488095238095237,
    0.6488095238095237,
    0.6780952380952381,
    0.6973809523809524,
    0.6973809523809524,
    0.6973809523809524,
    0.6973809523809524,
    0.6973809523809524,
    0.6973809523809524,
    0.7309523809523809,
    0.7309523809523809,
    0.7309523809523809,
    0.7309523809523809,
    0.7309523809523809,
    0.7309523809523809,
    0.7309523809523809,
    0.7309523809523809,
    0.7309523809523809,
    0.7309523809523809,
    0.7309523809523809,
    0.7309523809523809,
    0.7309523809523809,
    0.7309523809523809,
    0.7309523809523809,
    0.7309523809523809,
    0.7309523809523809,
    0.7359523809523809,
    0.7359523809523809,
    0.7359523809523809,
    0.7359523809523809,
    0.7359523809523809,
    0.7359523809523809,
    0.7359523809523809,
    0.7359523809523809,
    0.7359523809523809,
    0.7647619047619048,
    0.7647619047619048,
    0.7742857142857142,
    0.7742857142857142,
    0.7742857142857142,
    0.7742857142857142,
    0.7742857142857142,
    0.7742857142857142,
    0.7742857142857142,
    0.7742857142857142,
    0.7742857142857142,
    0.7742857142857142
  ]
}