{
  "dataset_name": "sonar",
  "run_index": 3,
  "timestamp": "2025-12-19T13:47:13.831133",
  "base_random_seed": 42,
  "random_seed": 45,
  "pso_config": {
    "num_particles": 30,
    "num_iterations": 50,
    "inertia_weight": 0.7,
    "cognitive_coeff": 2.0,
    "social_coeff": 2.0,
    "v_min": -6.0,
    "v_max": 6.0,
    "init_position_prob": 0.5
  },
  "svm_config": {
    "C": 4096.0,
    "kernel": "rbf",
    "gamma": null,
    "r": 1.0
  },
  "best_fitness": 0.7452380952380953,
  "num_selected_features": 13,
  "best_position": [
    0,
    0,
    0,
    0,
    0,
    0,
    0,
    0,
    0,
    1,
    1,
    0,
    0,
    0,
    1,
    1,
    0,
    0,
    1,
    0,
    0,
    0,
    0,
    1,
    1,
    0,
    0,
    0,
    0,
    1,
    0,
    0,
    0,
    0,
    1,
    0,
    0,
    0,
    0,
    0,
    0,
    0,
    0,
    1,
    0,
    0,
    0,
    0,
    0,
    1,
    0,
    0,
    0,
    1,
    0,
    0,
    0,
    0,
    1,
    0
  ],
  "fitness_history": [
    0.6392857142857143,
    0.6392857142857143,
    0.6485714285714287,
    0.6485714285714287,
    0.6485714285714287,
    0.6485714285714287,
    0.6485714285714287,
    0.6492857142857142,
    0.7116666666666667,
    0.7116666666666667,
    0.7116666666666667,
    0.7116666666666667,
    0.7116666666666667,
    0.7116666666666667,
    0.7116666666666667,
    0.7116666666666667,
    0.7116666666666667,
    0.7116666666666667,
    0.7164285714285714,
    0.7164285714285714,
    0.7164285714285714,
    0.7164285714285714,
    0.7164285714285714,
    0.7164285714285714,
    0.7164285714285714,
    0.7164285714285714,
    0.7164285714285714,
    0.7164285714285714,
    0.7164285714285714,
    0.7261904761904762,
    0.7261904761904762,
    0.7261904761904762,
    0.7261904761904762,
    0.7261904761904762,
    0.7261904761904762,
    0.7261904761904762,
    0.7261904761904762,
    0.7452380952380953,
    0.7452380952380953,
    0.7452380952380953,
    0.7452380952380953,
    0.7452380952380953,
    0.7452380952380953,
    0.7452380952380953,
    0.7452380952380953,
    0.7452380952380953,
    0.7452380952380953,
    0.7452380952380953,
    0.7452380952380953,
    0.7452380952380953
  ]
}