{
  "dataset_name": "sonar",
  "run_index": 4,
  "timestamp": "2025-12-19T13:47:53.664400",
  "base_random_seed": 42,
  "random_seed": 46,
  "pso_config": {
    "num_particles": 30,
    "num_iterations": 50,
    "inertia_weight": 0.7,
    "cognitive_coeff": 2.0,
    "social_coeff": 2.0,
    "v_min": -6.0,
    "v_max": 6.0,
    "init_position_prob": 0.5
  },
  "svm_config": {
    "C": 4096.0,
    "kernel": "rbf",
    "gamma": null,
    "r": 1.0
  },
  "best_fitness": 0.7502380952380953,
  "num_selected_features": 12,
  "best_position": [
    0,
    1,
    0,
    0,
    0,
    0,
    0,
    0,
    1,
    0,
    1,
    0,
    0,
    1,
    0,
    0,
    0,
    1,
    0,
    0,
    0,
    1,
    0,
    0,
    0,
    0,
    0,
    0,
    0,
    1,
    1,
    0,
    1,
    0,
    1,
    0,
    0,
    0,
    0,
    0,
    0,
    0,
    0,
    0,
    0,
    0,
    1,
    0,
    0,
    0,
    0,
    0,
    0,
    0,
    0,
    0,
    0,
    0,
    0,
    1
  ],
  "fitness_history": [
    0.6014285714285714,
    0.6054761904761905,
    0.6345238095238095,
    0.6345238095238095,
    0.6447619047619048,
    0.6678571428571429,
    0.6678571428571429,
    0.6678571428571429,
    0.6678571428571429,
    0.6678571428571429,
    0.6969047619047618,
    0.6969047619047618,
    0.6969047619047618,
    0.6969047619047618,
    0.6969047619047618,
    0.6969047619047618,
    0.6969047619047618,
    0.6969047619047618,
    0.6969047619047618,
    0.7019047619047619,
    0.7019047619047619,
    0.7121428571428572,
    0.7314285714285714,
    0.7314285714285714,
    0.7314285714285714,
    0.7314285714285714,
    0.7314285714285714,
    0.7314285714285714,
    0.7314285714285714,
    0.7314285714285714,
    0.7314285714285714,
    0.7314285714285714,
    0.7314285714285714,
    0.7314285714285714,
    0.7502380952380953,
    0.7502380952380953,
    0.7502380952380953,
    0.7502380952380953,
    0.7502380952380953,
    0.7502380952380953,
    0.7502380952380953,
    0.7502380952380953,
    0.7502380952380953,
    0.7502380952380953,
    0.7502380952380953,
    0.7502380952380953,
    0.7502380952380953,
    0.7502380952380953,
    0.7502380952380953,
    0.7502380952380953
  ]
}