{
  "dataset_name": "sonar",
  "run_index": 0,
  "timestamp": "2025-12-19T13:42:42.502611",
  "base_random_seed": 42,
  "random_seed": 42,
  "pso_config": {
    "num_particles": 30,
    "num_iterations": 50,
    "inertia_weight": 0.7,
    "cognitive_coeff": 2.0,
    "social_coeff": 2.0,
    "v_min": -6.0,
    "v_max": 6.0,
    "init_position_prob": 0.5
  },
  "svm_config": {
    "C": 4096.0,
    "kernel": "rbf",
    "gamma": null,
    "r": 1.0
  },
  "best_fitness": 0.8038095238095238,
  "num_selected_features": 10,
  "best_position": [
    0,
    0,
    0,
    0,
    0,
    1,
    0,
    0,
    0,
    1,
    1,
    0,
    0,
    0,
    0,
    0,
    0,
    1,
    0,
    0,
    0,
    1,
    0,
    1,
    0,
    0,
    0,
    0,
    1,
    1,
    0,
    0,
    0,
    0,
    0,
    0,
    0,
    1,
    0,
    0,
    1,
    0,
    0,
    0,
    0,
    0,
    0,
    0,
    0,
    0,
    0,
    0,
    0,
    0,
    0,
    0,
    0,
    0,
    0,
    0
  ],
  "fitness_history": [
    0.6061904761904763,
    0.6304761904761905,
    0.649047619047619,
    0.649047619047619,
    0.6635714285714286,
    0.6635714285714286,
    0.6823809523809524,
    0.6823809523809524,
    0.6823809523809524,
    0.6823809523809524,
    0.6823809523809524,
    0.6823809523809524,
    0.6823809523809524,
    0.7350000000000001,
    0.7350000000000001,
    0.7350000000000001,
    0.7350000000000001,
    0.7350000000000001,
    0.7350000000000001,
    0.7350000000000001,
    0.7350000000000001,
    0.7350000000000001,
    0.7350000000000001,
    0.7350000000000001,
    0.7350000000000001,
    0.7350000000000001,
    0.7350000000000001,
    0.7350000000000001,
    0.7350000000000001,
    0.8038095238095238,
    0.8038095238095238,
    0.8038095238095238,
    0.8038095238095238,
    0.8038095238095238,
    0.8038095238095238,
    0.8038095238095238,
    0.8038095238095238,
    0.8038095238095238,
    0.8038095238095238,
    0.8038095238095238,
    0.8038095238095238,
    0.8038095238095238,
    0.8038095238095238,
    0.8038095238095238,
    0.8038095238095238,
    0.8038095238095238,
    0.8038095238095238,
    0.8038095238095238,
    0.8038095238095238,
    0.8038095238095238
  ]
}