{
  "dataset_name": "sonar",
  "run_index": 0,
  "timestamp": "2025-12-19T13:45:12.656888",
  "base_random_seed": 42,
  "random_seed": 42,
  "pso_config": {
    "num_particles": 30,
    "num_iterations": 50,
    "inertia_weight": 0.7,
    "cognitive_coeff": 2.0,
    "social_coeff": 2.0,
    "v_min": -6.0,
    "v_max": 6.0,
    "init_position_prob": 0.5
  },
  "svm_config": {
    "C": 4096.0,
    "kernel": "rbf",
    "gamma": null,
    "r": 1.0
  },
  "best_fitness": 0.7407142857142858,
  "num_selected_features": 14,
  "best_position": [
    0,
    0,
    0,
    0,
    0,
    0,
    0,
    0,
    1,
    0,
    1,
    0,
    1,
    0,
    0,
    1,
    0,
    0,
    0,
    0,
    1,
    1,
    0,
    0,
    1,
    0,
    0,
    1,
    1,
    0,
    0,
    0,
    0,
    1,
    0,
    0,
    0,
    0,
    0,
    0,
    0,
    0,
    0,
    1,
    0,
    0,
    1,
    0,
    0,
    0,
    0,
    1,
    0,
    0,
    0,
    0,
    0,
    0,
    1,
    0
  ],
  "fitness_history": [
    0.6059523809523809,
    0.625,
    0.6342857142857142,
    0.6342857142857142,
    0.6395238095238095,
    0.64,
    0.6442857142857142,
    0.6542857142857142,
    0.6542857142857142,
    0.6542857142857142,
    0.6542857142857142,
    0.6680952380952381,
    0.6728571428571429,
    0.6728571428571429,
    0.6728571428571429,
    0.6966666666666667,
    0.6966666666666667,
    0.7019047619047619,
    0.7019047619047619,
    0.7019047619047619,
    0.7019047619047619,
    0.7019047619047619,
    0.7407142857142858,
    0.7407142857142858,
    0.7407142857142858,
    0.7407142857142858,
    0.7407142857142858,
    0.7407142857142858,
    0.7407142857142858,
    0.7407142857142858,
    0.7407142857142858,
    0.7407142857142858,
    0.7407142857142858,
    0.7407142857142858,
    0.7407142857142858,
    0.7407142857142858,
    0.7407142857142858,
    0.7407142857142858,
    0.7407142857142858,
    0.7407142857142858,
    0.7407142857142858,
    0.7407142857142858,
    0.7407142857142858,
    0.7407142857142858,
    0.7407142857142858,
    0.7407142857142858,
    0.7407142857142858,
    0.7407142857142858,
    0.7407142857142858,
    0.7407142857142858
  ]
}