{
  "dataset_name": "sonar",
  "run_index": 20,
  "timestamp": "2025-12-19T13:58:47.140286",
  "base_random_seed": 42,
  "random_seed": 62,
  "pso_config": {
    "num_particles": 30,
    "num_iterations": 50,
    "inertia_weight": 0.7,
    "cognitive_coeff": 2.0,
    "social_coeff": 2.0,
    "v_min": -6.0,
    "v_max": 6.0,
    "init_position_prob": 0.5
  },
  "svm_config": {
    "C": 4096.0,
    "kernel": "rbf",
    "gamma": null,
    "r": 1.0
  },
  "best_fitness": 0.7695238095238095,
  "num_selected_features": 12,
  "best_position": [
    0,
    0,
    0,
    1,
    0,
    0,
    0,
    0,
    0,
    0,
    0,
    0,
    1,
    0,
    0,
    0,
    0,
    0,
    0,
    0,
    0,
    1,
    0,
    1,
    0,
    1,
    0,
    0,
    0,
    0,
    0,
    0,
    0,
    0,
    0,
    0,
    0,
    1,
    1,
    0,
    0,
    0,
    0,
    1,
    1,
    0,
    1,
    1,
    0,
    0,
    0,
    0,
    0,
    0,
    1,
    0,
    0,
    0,
    0,
    0
  ],
  "fitness_history": [
    0.615952380952381,
    0.615952380952381,
    0.6302380952380953,
    0.6302380952380953,
    0.6390476190476189,
    0.655,
    0.655,
    0.655,
    0.655,
    0.6783333333333333,
    0.7019047619047619,
    0.7073809523809523,
    0.7073809523809523,
    0.7073809523809523,
    0.7073809523809523,
    0.7073809523809523,
    0.7073809523809523,
    0.7073809523809523,
    0.7073809523809523,
    0.7073809523809523,
    0.7695238095238095,
    0.7695238095238095,
    0.7695238095238095,
    0.7695238095238095,
    0.7695238095238095,
    0.7695238095238095,
    0.7695238095238095,
    0.7695238095238095,
    0.7695238095238095,
    0.7695238095238095,
    0.7695238095238095,
    0.7695238095238095,
    0.7695238095238095,
    0.7695238095238095,
    0.7695238095238095,
    0.7695238095238095,
    0.7695238095238095,
    0.7695238095238095,
    0.7695238095238095,
    0.7695238095238095,
    0.7695238095238095,
    0.7695238095238095,
    0.7695238095238095,
    0.7695238095238095,
    0.7695238095238095,
    0.7695238095238095,
    0.7695238095238095,
    0.7695238095238095,
    0.7695238095238095,
    0.7695238095238095
  ]
}