{
  "dataset_name": "sonar",
  "run_index": 19,
  "timestamp": "2025-12-19T13:58:06.514840",
  "base_random_seed": 42,
  "random_seed": 61,
  "pso_config": {
    "num_particles": 30,
    "num_iterations": 50,
    "inertia_weight": 0.7,
    "cognitive_coeff": 2.0,
    "social_coeff": 2.0,
    "v_min": -6.0,
    "v_max": 6.0,
    "init_position_prob": 0.5
  },
  "svm_config": {
    "C": 4096.0,
    "kernel": "rbf",
    "gamma": null,
    "r": 1.0
  },
  "best_fitness": 0.7452380952380953,
  "num_selected_features": 14,
  "best_position": [
    1,
    0,
    0,
    0,
    0,
    0,
    0,
    0,
    0,
    1,
    0,
    0,
    1,
    0,
    0,
    1,
    0,
    1,
    0,
    0,
    0,
    0,
    1,
    0,
    1,
    1,
    0,
    1,
    0,
    0,
    0,
    0,
    1,
    0,
    0,
    0,
    0,
    1,
    1,
    0,
    0,
    0,
    0,
    0,
    0,
    0,
    0,
    1,
    1,
    0,
    0,
    0,
    0,
    0,
    0,
    0,
    0,
    0,
    0,
    0
  ],
  "fitness_history": [
    0.6014285714285713,
    0.6254761904761905,
    0.6397619047619048,
    0.6397619047619048,
    0.6397619047619048,
    0.6492857142857142,
    0.6730952380952382,
    0.6730952380952382,
    0.6730952380952382,
    0.6826190476190476,
    0.6826190476190476,
    0.6883333333333334,
    0.6883333333333334,
    0.6883333333333334,
    0.6883333333333334,
    0.6883333333333334,
    0.6973809523809524,
    0.6973809523809524,
    0.6973809523809524,
    0.6973809523809524,
    0.6973809523809524,
    0.7447619047619047,
    0.7447619047619047,
    0.7447619047619047,
    0.7447619047619047,
    0.7452380952380953,
    0.7452380952380953,
    0.7452380952380953,
    0.7452380952380953,
    0.7452380952380953,
    0.7452380952380953,
    0.7452380952380953,
    0.7452380952380953,
    0.7452380952380953,
    0.7452380952380953,
    0.7452380952380953,
    0.7452380952380953,
    0.7452380952380953,
    0.7452380952380953,
    0.7452380952380953,
    0.7452380952380953,
    0.7452380952380953,
    0.7452380952380953,
    0.7452380952380953,
    0.7452380952380953,
    0.7452380952380953,
    0.7452380952380953,
    0.7452380952380953,
    0.7452380952380953,
    0.7452380952380953
  ]
}