{
  "dataset_name": "sonar",
  "run_index": 13,
  "timestamp": "2025-12-19T13:53:54.259851",
  "base_random_seed": 42,
  "random_seed": 55,
  "pso_config": {
    "num_particles": 30,
    "num_iterations": 50,
    "inertia_weight": 0.7,
    "cognitive_coeff": 2.0,
    "social_coeff": 2.0,
    "v_min": -6.0,
    "v_max": 6.0,
    "init_position_prob": 0.5
  },
  "svm_config": {
    "C": 4096.0,
    "kernel": "rbf",
    "gamma": null,
    "r": 1.0
  },
  "best_fitness": 0.7797619047619048,
  "num_selected_features": 9,
  "best_position": [
    0,
    0,
    0,
    0,
    0,
    0,
    0,
    0,
    0,
    1,
    0,
    0,
    1,
    0,
    1,
    0,
    0,
    0,
    0,
    0,
    0,
    1,
    0,
    0,
    0,
    0,
    0,
    0,
    0,
    0,
    0,
    1,
    0,
    1,
    0,
    0,
    0,
    0,
    1,
    1,
    0,
    0,
    0,
    0,
    0,
    0,
    1,
    0,
    0,
    0,
    0,
    0,
    0,
    0,
    0,
    0,
    0,
    0,
    0,
    0
  ],
  "fitness_history": [
    0.6252380952380954,
    0.6402380952380953,
    0.6492857142857142,
    0.6492857142857142,
    0.6588095238095238,
    0.6826190476190477,
    0.6826190476190477,
    0.6826190476190477,
    0.6926190476190475,
    0.6926190476190475,
    0.6926190476190475,
    0.6926190476190475,
    0.6926190476190475,
    0.6926190476190475,
    0.6926190476190475,
    0.7119047619047618,
    0.7119047619047618,
    0.7119047619047618,
    0.7119047619047618,
    0.7119047619047618,
    0.7119047619047618,
    0.7119047619047618,
    0.7119047619047618,
    0.755,
    0.755,
    0.755,
    0.755,
    0.755,
    0.755,
    0.755,
    0.755,
    0.7645238095238095,
    0.7645238095238095,
    0.7797619047619048,
    0.7797619047619048,
    0.7797619047619048,
    0.7797619047619048,
    0.7797619047619048,
    0.7797619047619048,
    0.7797619047619048,
    0.7797619047619048,
    0.7797619047619048,
    0.7797619047619048,
    0.7797619047619048,
    0.7797619047619048,
    0.7797619047619048,
    0.7797619047619048,
    0.7797619047619048,
    0.7797619047619048,
    0.7797619047619048
  ]
}