{
  "dataset_name": "sonar",
  "run_index": 21,
  "timestamp": "2025-12-19T13:59:28.257746",
  "base_random_seed": 42,
  "random_seed": 63,
  "pso_config": {
    "num_particles": 30,
    "num_iterations": 50,
    "inertia_weight": 0.7,
    "cognitive_coeff": 2.0,
    "social_coeff": 2.0,
    "v_min": -6.0,
    "v_max": 6.0,
    "init_position_prob": 0.5
  },
  "svm_config": {
    "C": 4096.0,
    "kernel": "rbf",
    "gamma": null,
    "r": 1.0
  },
  "best_fitness": 0.7645238095238095,
  "num_selected_features": 13,
  "best_position": [
    0,
    0,
    0,
    0,
    0,
    0,
    1,
    1,
    0,
    0,
    1,
    1,
    0,
    0,
    1,
    0,
    0,
    0,
    0,
    0,
    0,
    1,
    0,
    0,
    0,
    0,
    0,
    0,
    0,
    0,
    0,
    0,
    0,
    0,
    1,
    1,
    1,
    0,
    0,
    0,
    0,
    0,
    0,
    0,
    0,
    1,
    0,
    0,
    0,
    0,
    0,
    1,
    0,
    0,
    0,
    0,
    0,
    1,
    1,
    0
  ],
  "fitness_history": [
    0.6057142857142858,
    0.6057142857142858,
    0.6252380952380953,
    0.6252380952380953,
    0.6392857142857142,
    0.6399999999999999,
    0.6490476190476191,
    0.6490476190476191,
    0.6490476190476191,
    0.6495238095238094,
    0.6495238095238094,
    0.6495238095238094,
    0.6971428571428572,
    0.7454761904761906,
    0.7454761904761906,
    0.7454761904761906,
    0.7454761904761906,
    0.7454761904761906,
    0.7454761904761906,
    0.7454761904761906,
    0.7454761904761906,
    0.7454761904761906,
    0.7454761904761906,
    0.7454761904761906,
    0.7454761904761906,
    0.7454761904761906,
    0.7454761904761906,
    0.7454761904761906,
    0.7454761904761906,
    0.7454761904761906,
    0.7457142857142857,
    0.7645238095238095,
    0.7645238095238095,
    0.7645238095238095,
    0.7645238095238095,
    0.7645238095238095,
    0.7645238095238095,
    0.7645238095238095,
    0.7645238095238095,
    0.7645238095238095,
    0.7645238095238095,
    0.7645238095238095,
    0.7645238095238095,
    0.7645238095238095,
    0.7645238095238095,
    0.7645238095238095,
    0.7645238095238095,
    0.7645238095238095,
    0.7645238095238095,
    0.7645238095238095
  ]
}