{
  "dataset_name": "sonar",
  "run_index": 24,
  "timestamp": "2025-12-19T14:01:30.627120",
  "base_random_seed": 42,
  "random_seed": 66,
  "pso_config": {
    "num_particles": 30,
    "num_iterations": 50,
    "inertia_weight": 0.7,
    "cognitive_coeff": 2.0,
    "social_coeff": 2.0,
    "v_min": -6.0,
    "v_max": 6.0,
    "init_position_prob": 0.5
  },
  "svm_config": {
    "C": 4096.0,
    "kernel": "rbf",
    "gamma": null,
    "r": 1.0
  },
  "best_fitness": 0.7354761904761905,
  "num_selected_features": 14,
  "best_position": [
    1,
    0,
    0,
    0,
    0,
    0,
    0,
    1,
    0,
    0,
    0,
    0,
    0,
    1,
    0,
    0,
    0,
    1,
    0,
    0,
    0,
    1,
    1,
    1,
    0,
    0,
    1,
    0,
    0,
    0,
    0,
    0,
    0,
    0,
    0,
    0,
    0,
    1,
    0,
    0,
    0,
    0,
    0,
    0,
    1,
    0,
    1,
    1,
    0,
    0,
    0,
    1,
    1,
    0,
    0,
    0,
    0,
    0,
    0,
    0
  ],
  "fitness_history": [
    0.6297619047619047,
    0.6297619047619047,
    0.6535714285714286,
    0.6535714285714286,
    0.6535714285714286,
    0.6535714285714286,
    0.6683333333333333,
    0.6926190476190477,
    0.6926190476190477,
    0.6926190476190477,
    0.6926190476190477,
    0.6926190476190477,
    0.6926190476190477,
    0.6926190476190477,
    0.6926190476190477,
    0.7026190476190476,
    0.7026190476190476,
    0.7026190476190476,
    0.7026190476190476,
    0.7026190476190476,
    0.7026190476190476,
    0.7071428571428571,
    0.7119047619047618,
    0.7119047619047618,
    0.7119047619047618,
    0.7119047619047618,
    0.7119047619047618,
    0.7119047619047618,
    0.7302380952380952,
    0.7302380952380952,
    0.7302380952380952,
    0.7302380952380952,
    0.7302380952380952,
    0.7302380952380952,
    0.7302380952380952,
    0.7302380952380952,
    0.7302380952380952,
    0.7302380952380952,
    0.7302380952380952,
    0.7350000000000001,
    0.7350000000000001,
    0.7350000000000001,
    0.7350000000000001,
    0.7350000000000001,
    0.7350000000000001,
    0.7350000000000001,
    0.7350000000000001,
    0.7350000000000001,
    0.7350000000000001,
    0.7354761904761905
  ]
}