{
  "dataset_name": "sonar",
  "num_runs": 30,
  "average_best_fitness": 0.7651031746031746,
  "std_best_fitness": 0.014409868350213892,
  "average_num_selected_features": 12.5,
  "all_best_fitness": [
    0.7407142857142858,
    0.7878571428571428,
    0.7647619047619048,
    0.7452380952380953,
    0.7502380952380953,
    0.7552380952380953,
    0.7742857142857142,
    0.7597619047619047,
    0.7542857142857142,
    0.7795238095238095,
    0.7697619047619048,
    0.7552380952380953,
    0.7838095238095237,
    0.7797619047619048,
    0.76,
    0.7502380952380953,
    0.7547619047619047,
    0.774047619047619,
    0.7785714285714286,
    0.7452380952380953,
    0.7695238095238095,
    0.7645238095238095,
    0.7630952380952382,
    0.7545238095238095,
    0.7354761904761905,
    0.7740476190476191,
    0.7835714285714286,
    0.7833333333333333,
    0.7830952380952382,
    0.7785714285714286
  ],
  "all_num_selected_features": [
    14,
    12,
    11,
    13,
    12,
    14,
    12,
    12,
    14,
    12,
    11,
    11,
    13,
    9,
    13,
    15,
    13,
    13,
    12,
    14,
    12,
    13,
    13,
    13,
    14,
    11,
    14,
    11,
    12,
    12
  ],
  "timestamp": "2025-12-19T14:04:55.878860"
}