{
  "dataset_name": "wdbc",
  "num_runs": 10,
  "average_best_fitness": 0.9634367167919798,
  "std_best_fitness": 0.003508085157010134,
  "average_num_selected_features": 8.3,
  "all_best_fitness": [
    0.9613721804511279,
    0.9594924812030076,
    0.9665726817042607,
    0.9666040100250625,
    0.9578320802005011,
    0.9648809523809524,
    0.963063909774436,
    0.9612781954887218,
    0.9701441102756891,
    0.9631265664160402
  ],
  "all_num_selected_features": [
    9,
    11,
    9,
    7,
    9,
    7,
    9,
    8,
    8,
    6
  ],
  "timestamp": "2025-12-16T21:16:02.564197"
}