{
  "dataset_name": "wdbc",
  "num_runs": 30,
  "average_best_fitness": 0.9626305346700083,
  "std_best_fitness": 0.0032038533221739438,
  "average_num_selected_features": 8.766666666666667,
  "all_best_fitness": [
    0.9648496240601503,
    0.9613408521303258,
    0.9631265664160402,
    0.9665726817042606,
    0.9613408521303258,
    0.9613408521303258,
    0.9666353383458647,
    0.9701127819548871,
    0.9595238095238094,
    0.9613721804511279,
    0.9595864661654134,
    0.9630325814536341,
    0.9614035087719298,
    0.9578634085213033,
    0.9595864661654134,
    0.96312656641604,
    0.963001253132832,
    0.9648809523809524,
    0.963095238095238,
    0.9631265664160402,
    0.9578007518796993,
    0.9613408521303256,
    0.9560776942355889,
    0.9683897243107771,
    0.9648809523809524,
    0.963063909774436,
    0.9648182957393484,
    0.9631265664160402,
    0.9578634085213033,
    0.9666353383458647
  ],
  "all_num_selected_features": [
    9,
    8,
    10,
    9,
    9,
    8,
    9,
    9,
    6,
    8,
    10,
    9,
    8,
    10,
    10,
    9,
    8,
    9,
    9,
    8,
    10,
    10,
    13,
    8,
    7,
    9,
    7,
    6,
    9,
    9
  ],
  "timestamp": "2025-12-16T21:58:48.000950"
}