{
  "dataset_name": "wdbc",
  "run_index": 23,
  "timestamp": "2025-12-16T21:50:38.193117",
  "base_random_seed": 42,
  "random_seed": 65,
  "pso_config": {
    "num_particles": 30,
    "num_iterations": 50,
    "inertia_weight": 0.7,
    "cognitive_coeff": 2.0,
    "social_coeff": 2.0,
    "v_min": -6.0,
    "v_max": 6.0,
    "init_position_prob": 0.5
  },
  "svm_config": {
    "C": 4096.0,
    "kernel": "rbf",
    "gamma": null,
    "r": 1.0
  },
  "best_fitness": 0.9683897243107771,
  "num_selected_features": 8,
  "best_position": [
    1,
    0,
    0,
    0,
    0,
    0,
    0,
    1,
    0,
    0,
    0,
    0,
    1,
    0,
    0,
    0,
    0,
    0,
    0,
    0,
    1,
    1,
    1,
    1,
    1,
    0,
    0,
    0,
    0,
    0
  ],
  "fitness_history": [
    0.9332706766917293,
    0.9507832080200501,
    0.9507832080200501,
    0.9507832080200501,
    0.9507832080200501,
    0.9560463659147869,
    0.9560463659147869,
    0.9560463659147869,
    0.9560463659147869,
    0.9560463659147869,
    0.9560463659147869,
    0.9560463659147869,
    0.9560463659147869,
    0.9560463659147869,
    0.9560463659147869,
    0.9613721804511279,
    0.9613721804511279,
    0.9613721804511279,
    0.9613721804511279,
    0.9613721804511279,
    0.9613721804511279,
    0.9613721804511279,
    0.9613721804511279,
    0.9613721804511279,
    0.9613721804511279,
    0.9613721804511279,
    0.9613721804511279,
    0.9613721804511279,
    0.9613721804511279,
    0.9613721804511279,
    0.9613721804511279,
    0.9683897243107771,
    0.9683897243107771,
    0.9683897243107771,
    0.9683897243107771,
    0.9683897243107771,
    0.9683897243107771,
    0.9683897243107771,
    0.9683897243107771,
    0.9683897243107771,
    0.9683897243107771,
    0.9683897243107771,
    0.9683897243107771,
    0.9683897243107771,
    0.9683897243107771,
    0.9683897243107771,
    0.9683897243107771,
    0.9683897243107771,
    0.9683897243107771,
    0.9683897243107771
  ]
}