{
  "dataset_name": "wdbc",
  "run_index": 20,
  "timestamp": "2025-12-16T21:46:35.975881",
  "base_random_seed": 42,
  "random_seed": 62,
  "pso_config": {
    "num_particles": 30,
    "num_iterations": 50,
    "inertia_weight": 0.7,
    "cognitive_coeff": 2.0,
    "social_coeff": 2.0,
    "v_min": -6.0,
    "v_max": 6.0,
    "init_position_prob": 0.5
  },
  "svm_config": {
    "C": 4096.0,
    "kernel": "rbf",
    "gamma": null,
    "r": 1.0
  },
  "best_fitness": 0.9578007518796993,
  "num_selected_features": 10,
  "best_position": [
    0,
    0,
    0,
    0,
    1,
    0,
    0,
    0,
    1,
    0,
    0,
    1,
    0,
    0,
    0,
    0,
    0,
    0,
    0,
    0,
    1,
    1,
    1,
    1,
    1,
    1,
    1,
    0,
    0,
    0
  ],
  "fitness_history": [
    0.9349624060150376,
    0.9402882205513784,
    0.9454573934837093,
    0.9472117794486218,
    0.9472117794486218,
    0.9472117794486218,
    0.950814536340852,
    0.950814536340852,
    0.950814536340852,
    0.950814536340852,
    0.950814536340852,
    0.950814536340852,
    0.950814536340852,
    0.950814536340852,
    0.950814536340852,
    0.9525375939849624,
    0.9542919799498746,
    0.9542919799498746,
    0.956140350877193,
    0.956140350877193,
    0.956140350877193,
    0.956140350877193,
    0.956140350877193,
    0.956140350877193,
    0.956140350877193,
    0.956140350877193,
    0.956140350877193,
    0.956140350877193,
    0.956140350877193,
    0.956140350877193,
    0.956140350877193,
    0.956140350877193,
    0.956140350877193,
    0.956140350877193,
    0.956140350877193,
    0.956140350877193,
    0.956140350877193,
    0.956140350877193,
    0.956140350877193,
    0.956140350877193,
    0.9578007518796993,
    0.9578007518796993,
    0.9578007518796993,
    0.9578007518796993,
    0.9578007518796993,
    0.9578007518796993,
    0.9578007518796993,
    0.9578007518796993,
    0.9578007518796993,
    0.9578007518796993
  ]
}