{
  "dataset_name": "wdbc",
  "run_index": 9,
  "timestamp": "2025-12-16T21:31:10.437352",
  "base_random_seed": 42,
  "random_seed": 51,
  "pso_config": {
    "num_particles": 30,
    "num_iterations": 50,
    "inertia_weight": 0.7,
    "cognitive_coeff": 2.0,
    "social_coeff": 2.0,
    "v_min": -6.0,
    "v_max": 6.0,
    "init_position_prob": 0.5
  },
  "svm_config": {
    "C": 4096.0,
    "kernel": "rbf",
    "gamma": null,
    "r": 1.0
  },
  "best_fitness": 0.9613721804511279,
  "num_selected_features": 8,
  "best_position": [
    0,
    0,
    0,
    0,
    0,
    0,
    0,
    1,
    1,
    0,
    0,
    0,
    0,
    1,
    0,
    0,
    0,
    1,
    0,
    0,
    0,
    1,
    0,
    1,
    0,
    1,
    0,
    1,
    0,
    0
  ],
  "fitness_history": [
    0.9244987468671677,
    0.9454260651629072,
    0.9454260651629072,
    0.9454260651629072,
    0.9490601503759398,
    0.9490601503759398,
    0.9490601503759398,
    0.9490601503759398,
    0.9490601503759398,
    0.9490601503759398,
    0.9525689223057643,
    0.9525689223057643,
    0.9525689223057643,
    0.9525689223057643,
    0.9543859649122808,
    0.9543859649122808,
    0.9543859649122808,
    0.9543859649122808,
    0.9543859649122808,
    0.9543859649122808,
    0.9543859649122808,
    0.9543859649122808,
    0.9543859649122808,
    0.9543859649122808,
    0.9543859649122808,
    0.9543859649122808,
    0.9543859649122808,
    0.9543859649122808,
    0.9543859649122808,
    0.9543859649122808,
    0.9543859649122808,
    0.9543859649122808,
    0.9560776942355889,
    0.9560776942355889,
    0.9560776942355889,
    0.9560776942355889,
    0.9560776942355889,
    0.9560776942355889,
    0.9560776942355889,
    0.9560776942355889,
    0.9578634085213033,
    0.9578634085213033,
    0.9578634085213033,
    0.9578634085213033,
    0.9578634085213033,
    0.9578634085213033,
    0.9578634085213033,
    0.9578634085213033,
    0.9578634085213033,
    0.9613721804511279
  ]
}