{
  "dataset_name": "wdbc",
  "run_index": 9,
  "timestamp": "2025-12-16T21:16:02.562566",
  "base_random_seed": 42,
  "random_seed": 51,
  "pso_config": {
    "num_particles": 30,
    "num_iterations": 50,
    "inertia_weight": 0.7,
    "cognitive_coeff": 2.0,
    "social_coeff": 2.0,
    "v_min": -6.0,
    "v_max": 6.0,
    "init_position_prob": 0.5
  },
  "svm_config": {
    "C": 4096.0,
    "kernel": "rbf",
    "gamma": null,
    "r": 1.0
  },
  "best_fitness": 0.9631265664160402,
  "num_selected_features": 6,
  "best_position": [
    0,
    0,
    0,
    0,
    0,
    0,
    1,
    0,
    0,
    0,
    1,
    0,
    0,
    0,
    0,
    0,
    0,
    0,
    0,
    0,
    1,
    1,
    0,
    0,
    1,
    0,
    0,
    0,
    0,
    1
  ],
  "fitness_history": [
    0.9472431077694236,
    0.9525375939849624,
    0.9525375939849624,
    0.9525375939849624,
    0.9525375939849624,
    0.9525375939849624,
    0.9525375939849624,
    0.9525375939849624,
    0.9578947368421054,
    0.9578947368421054,
    0.9578947368421054,
    0.9578947368421054,
    0.9578947368421054,
    0.9578947368421054,
    0.9578947368421054,
    0.9578947368421054,
    0.9578947368421054,
    0.9578947368421054,
    0.9578947368421054,
    0.9578947368421054,
    0.9578947368421054,
    0.9578947368421054,
    0.9578947368421054,
    0.9578947368421054,
    0.9578947368421054,
    0.9578947368421054,
    0.9578947368421054,
    0.9578947368421054,
    0.9595864661654134,
    0.9595864661654134,
    0.9595864661654134,
    0.9595864661654134,
    0.9595864661654134,
    0.9595864661654134,
    0.9595864661654134,
    0.9595864661654134,
    0.9595864661654134,
    0.9595864661654134,
    0.9595864661654134,
    0.9595864661654134,
    0.9631265664160402,
    0.9631265664160402,
    0.9631265664160402,
    0.9631265664160402,
    0.9631265664160402,
    0.9631265664160402,
    0.9631265664160402,
    0.9631265664160402,
    0.9631265664160402,
    0.9631265664160402
  ]
}