{
  "dataset_name": "wdbc",
  "run_index": 0,
  "timestamp": "2025-12-16T20:36:09.393819",
  "base_random_seed": 42,
  "random_seed": 42,
  "pso_config": {
    "num_particles": 30,
    "num_iterations": 50,
    "inertia_weight": 0.7,
    "cognitive_coeff": 1.5,
    "social_coeff": 1.5,
    "v_min": -6.0,
    "v_max": 6.0,
    "init_position_prob": 0.5
  },
  "svm_config": {
    "C": 4096.0,
    "kernel": "rbf",
    "gamma": null,
    "r": 1
  },
  "best_fitness": 0.9596177944862155,
  "num_selected_features": 8,
  "best_position": [
    0,
    0,
    0,
    0,
    0,
    0,
    0,
    1,
    0,
    0,
    0,
    0,
    1,
    1,
    0,
    0,
    0,
    0,
    1,
    0,
    1,
    1,
    0,
    0,
    0,
    0,
    0,
    1,
    0,
    1
  ],
  "fitness_history": [
    0.9348997493734336,
    0.9490914786967419,
    0.9490914786967419,
    0.9490914786967419,
    0.9490914786967419,
    0.9490914786967419,
    0.9490914786967419,
    0.9490914786967419,
    0.9490914786967419,
    0.9507518796992482,
    0.9507518796992482,
    0.9507518796992482,
    0.9526002506265664,
    0.9596177944862155,
    0.9596177944862155,
    0.9596177944862155,
    0.9596177944862155,
    0.9596177944862155,
    0.9596177944862155,
    0.9596177944862155,
    0.9596177944862155,
    0.9596177944862155,
    0.9596177944862155,
    0.9596177944862155,
    0.9596177944862155,
    0.9596177944862155,
    0.9596177944862155,
    0.9596177944862155,
    0.9596177944862155,
    0.9596177944862155,
    0.9596177944862155,
    0.9596177944862155,
    0.9596177944862155,
    0.9596177944862155,
    0.9596177944862155,
    0.9596177944862155,
    0.9596177944862155,
    0.9596177944862155,
    0.9596177944862155,
    0.9596177944862155,
    0.9596177944862155,
    0.9596177944862155,
    0.9596177944862155,
    0.9596177944862155,
    0.9596177944862155,
    0.9596177944862155,
    0.9596177944862155,
    0.9596177944862155,
    0.9596177944862155,
    0.9596177944862155
  ]
}