{
  "dataset_name": "wdbc",
  "run_index": 17,
  "timestamp": "2025-12-16T21:42:34.157622",
  "base_random_seed": 42,
  "random_seed": 59,
  "pso_config": {
    "num_particles": 30,
    "num_iterations": 50,
    "inertia_weight": 0.7,
    "cognitive_coeff": 2.0,
    "social_coeff": 2.0,
    "v_min": -6.0,
    "v_max": 6.0,
    "init_position_prob": 0.5
  },
  "svm_config": {
    "C": 4096.0,
    "kernel": "rbf",
    "gamma": null,
    "r": 1.0
  },
  "best_fitness": 0.9648809523809524,
  "num_selected_features": 9,
  "best_position": [
    0,
    0,
    1,
    1,
    0,
    0,
    0,
    0,
    0,
    0,
    0,
    0,
    0,
    1,
    0,
    0,
    0,
    1,
    0,
    0,
    0,
    1,
    1,
    1,
    1,
    0,
    0,
    1,
    0,
    0
  ],
  "fitness_history": [
    0.9278822055137844,
    0.9350250626566415,
    0.9402568922305765,
    0.9402568922305765,
    0.9402568922305765,
    0.9402568922305765,
    0.9419799498746867,
    0.9419799498746867,
    0.9543546365914788,
    0.9543546365914788,
    0.9543546365914788,
    0.9543546365914788,
    0.9543546365914788,
    0.9543546365914788,
    0.9543546365914788,
    0.9543546365914788,
    0.9543546365914788,
    0.9543546365914788,
    0.9543546365914788,
    0.9543546365914788,
    0.9543546365914788,
    0.9543546365914788,
    0.9543546365914788,
    0.9543546365914788,
    0.9543546365914788,
    0.9543546365914788,
    0.9543546365914788,
    0.9543546365914788,
    0.9543546365914788,
    0.9543546365914788,
    0.9543546365914788,
    0.9543546365914788,
    0.9560776942355889,
    0.9648809523809524,
    0.9648809523809524,
    0.9648809523809524,
    0.9648809523809524,
    0.9648809523809524,
    0.9648809523809524,
    0.9648809523809524,
    0.9648809523809524,
    0.9648809523809524,
    0.9648809523809524,
    0.9648809523809524,
    0.9648809523809524,
    0.9648809523809524,
    0.9648809523809524,
    0.9648809523809524,
    0.9648809523809524,
    0.9648809523809524
  ]
}