{
  "dataset_name": "wdbc",
  "run_index": 8,
  "timestamp": "2025-12-16T21:14:44.921379",
  "base_random_seed": 42,
  "random_seed": 50,
  "pso_config": {
    "num_particles": 30,
    "num_iterations": 50,
    "inertia_weight": 0.7,
    "cognitive_coeff": 2.0,
    "social_coeff": 2.0,
    "v_min": -6.0,
    "v_max": 6.0,
    "init_position_prob": 0.5
  },
  "svm_config": {
    "C": 4096.0,
    "kernel": "rbf",
    "gamma": null,
    "r": 1.0
  },
  "best_fitness": 0.9701441102756891,
  "num_selected_features": 8,
  "best_position": [
    0,
    0,
    0,
    0,
    0,
    0,
    0,
    1,
    0,
    0,
    0,
    1,
    0,
    1,
    0,
    0,
    0,
    0,
    0,
    0,
    1,
    1,
    1,
    0,
    1,
    1,
    0,
    0,
    0,
    0
  ],
  "fitness_history": [
    0.9315162907268169,
    0.9507518796992482,
    0.9507518796992482,
    0.9507518796992482,
    0.9543233082706767,
    0.9543233082706767,
    0.9543233082706767,
    0.9543233082706767,
    0.9543233082706767,
    0.9648809523809525,
    0.9648809523809525,
    0.9648809523809525,
    0.9648809523809525,
    0.9648809523809525,
    0.9648809523809525,
    0.9648809523809525,
    0.9648809523809525,
    0.9648809523809525,
    0.9648809523809525,
    0.9648809523809525,
    0.9648809523809525,
    0.9648809523809525,
    0.9648809523809525,
    0.9648809523809525,
    0.9648809523809525,
    0.9648809523809525,
    0.9648809523809525,
    0.9648809523809525,
    0.9648809523809525,
    0.9701441102756891,
    0.9701441102756891,
    0.9701441102756891,
    0.9701441102756891,
    0.9701441102756891,
    0.9701441102756891,
    0.9701441102756891,
    0.9701441102756891,
    0.9701441102756891,
    0.9701441102756891,
    0.9701441102756891,
    0.9701441102756891,
    0.9701441102756891,
    0.9701441102756891,
    0.9701441102756891,
    0.9701441102756891,
    0.9701441102756891,
    0.9701441102756891,
    0.9701441102756891,
    0.9701441102756891,
    0.9701441102756891
  ]
}