{
  "dataset_name": "wdbc",
  "run_index": 24,
  "timestamp": "2025-12-16T21:51:49.933269",
  "base_random_seed": 42,
  "random_seed": 66,
  "pso_config": {
    "num_particles": 30,
    "num_iterations": 50,
    "inertia_weight": 0.7,
    "cognitive_coeff": 2.0,
    "social_coeff": 2.0,
    "v_min": -6.0,
    "v_max": 6.0,
    "init_position_prob": 0.5
  },
  "svm_config": {
    "C": 4096.0,
    "kernel": "rbf",
    "gamma": null,
    "r": 1.0
  },
  "best_fitness": 0.9648809523809524,
  "num_selected_features": 7,
  "best_position": [
    0,
    0,
    0,
    0,
    0,
    0,
    0,
    1,
    0,
    0,
    0,
    0,
    1,
    0,
    0,
    0,
    0,
    1,
    0,
    0,
    0,
    1,
    0,
    1,
    0,
    1,
    0,
    1,
    0,
    0
  ],
  "fitness_history": [
    0.9367481203007518,
    0.9507205513784461,
    0.9507205513784461,
    0.9507205513784461,
    0.9507205513784461,
    0.9507205513784461,
    0.9507205513784461,
    0.9507205513784461,
    0.9507205513784461,
    0.9507205513784461,
    0.950814536340852,
    0.950814536340852,
    0.950814536340852,
    0.950814536340852,
    0.950814536340852,
    0.950814536340852,
    0.950814536340852,
    0.9525062656641603,
    0.9526315789473685,
    0.9560776942355889,
    0.9560776942355889,
    0.9560776942355889,
    0.9561090225563911,
    0.9561090225563911,
    0.9614035087719298,
    0.9614035087719298,
    0.9648809523809524,
    0.9648809523809524,
    0.9648809523809524,
    0.9648809523809524,
    0.9648809523809524,
    0.9648809523809524,
    0.9648809523809524,
    0.9648809523809524,
    0.9648809523809524,
    0.9648809523809524,
    0.9648809523809524,
    0.9648809523809524,
    0.9648809523809524,
    0.9648809523809524,
    0.9648809523809524,
    0.9648809523809524,
    0.9648809523809524,
    0.9648809523809524,
    0.9648809523809524,
    0.9648809523809524,
    0.9648809523809524,
    0.9648809523809524,
    0.9648809523809524,
    0.9648809523809524
  ]
}