{
  "dataset_name": "wdbc",
  "run_index": 4,
  "timestamp": "2025-12-16T21:23:44.065934",
  "base_random_seed": 42,
  "random_seed": 46,
  "pso_config": {
    "num_particles": 30,
    "num_iterations": 50,
    "inertia_weight": 0.7,
    "cognitive_coeff": 2.0,
    "social_coeff": 2.0,
    "v_min": -6.0,
    "v_max": 6.0,
    "init_position_prob": 0.5
  },
  "svm_config": {
    "C": 4096.0,
    "kernel": "rbf",
    "gamma": null,
    "r": 1.0
  },
  "best_fitness": 0.9613408521303258,
  "num_selected_features": 9,
  "best_position": [
    1,
    1,
    0,
    0,
    0,
    0,
    0,
    0,
    1,
    0,
    0,
    1,
    0,
    1,
    0,
    0,
    0,
    0,
    0,
    0,
    0,
    1,
    1,
    0,
    1,
    0,
    0,
    1,
    0,
    0
  ],
  "fitness_history": [
    0.9367481203007519,
    0.9367481203007519,
    0.9420426065162907,
    0.9420426065162907,
    0.9420739348370928,
    0.9420739348370928,
    0.9543233082706767,
    0.9543233082706767,
    0.9543233082706767,
    0.9543233082706767,
    0.9543233082706767,
    0.9543233082706767,
    0.9543233082706767,
    0.9543233082706767,
    0.9543233082706767,
    0.9543233082706767,
    0.9543233082706767,
    0.9543233082706767,
    0.9543233082706767,
    0.9543233082706767,
    0.9543233082706767,
    0.9543233082706767,
    0.956015037593985,
    0.956015037593985,
    0.956015037593985,
    0.956015037593985,
    0.956015037593985,
    0.956015037593985,
    0.956015037593985,
    0.956015037593985,
    0.956015037593985,
    0.956015037593985,
    0.956015037593985,
    0.956015037593985,
    0.9595551378446115,
    0.9595551378446115,
    0.9595551378446115,
    0.9595551378446115,
    0.9595551378446115,
    0.9595551378446115,
    0.9595551378446115,
    0.9595551378446115,
    0.9595551378446115,
    0.9595551378446115,
    0.9595551378446115,
    0.9595551378446115,
    0.9613408521303258,
    0.9613408521303258,
    0.9613408521303258,
    0.9613408521303258
  ]
}