{
  "dataset_name": "wdbc",
  "run_index": 3,
  "timestamp": "2025-12-16T21:08:17.929129",
  "base_random_seed": 42,
  "random_seed": 45,
  "pso_config": {
    "num_particles": 30,
    "num_iterations": 50,
    "inertia_weight": 0.7,
    "cognitive_coeff": 2.0,
    "social_coeff": 2.0,
    "v_min": -6.0,
    "v_max": 6.0,
    "init_position_prob": 0.5
  },
  "svm_config": {
    "C": 4096.0,
    "kernel": "rbf",
    "gamma": null,
    "r": 1.0
  },
  "best_fitness": 0.9666040100250625,
  "num_selected_features": 7,
  "best_position": [
    0,
    0,
    1,
    0,
    0,
    0,
    1,
    1,
    0,
    0,
    0,
    0,
    0,
    0,
    0,
    0,
    0,
    0,
    0,
    0,
    0,
    1,
    1,
    1,
    0,
    0,
    0,
    1,
    0,
    0
  ],
  "fitness_history": [
    0.9384398496240601,
    0.9384398496240601,
    0.9437343358395991,
    0.9473057644110275,
    0.9473684210526316,
    0.9560776942355889,
    0.9560776942355889,
    0.9560776942355889,
    0.9560776942355889,
    0.9560776942355889,
    0.9560776942355889,
    0.9560776942355889,
    0.9560776942355889,
    0.9560776942355889,
    0.9560776942355889,
    0.9560776942355889,
    0.9560776942355889,
    0.9560776942355889,
    0.9560776942355889,
    0.9560776942355889,
    0.9560776942355889,
    0.9560776942355889,
    0.9560776942355889,
    0.9560776942355889,
    0.9560776942355889,
    0.9560776942355889,
    0.9560776942355889,
    0.9560776942355889,
    0.9560776942355889,
    0.9560776942355889,
    0.9596491228070174,
    0.9596491228070174,
    0.9596491228070174,
    0.9596491228070174,
    0.9666040100250625,
    0.9666040100250625,
    0.9666040100250625,
    0.9666040100250625,
    0.9666040100250625,
    0.9666040100250625,
    0.9666040100250625,
    0.9666040100250625,
    0.9666040100250625,
    0.9666040100250625,
    0.9666040100250625,
    0.9666040100250625,
    0.9666040100250625,
    0.9666040100250625,
    0.9666040100250625,
    0.9666040100250625
  ]
}