{
  "dataset_name": "wdbc",
  "run_index": 6,
  "timestamp": "2025-12-16T21:26:39.397057",
  "base_random_seed": 42,
  "random_seed": 48,
  "pso_config": {
    "num_particles": 30,
    "num_iterations": 50,
    "inertia_weight": 0.7,
    "cognitive_coeff": 2.0,
    "social_coeff": 2.0,
    "v_min": -6.0,
    "v_max": 6.0,
    "init_position_prob": 0.5
  },
  "svm_config": {
    "C": 4096.0,
    "kernel": "rbf",
    "gamma": null,
    "r": 1.0
  },
  "best_fitness": 0.9666353383458647,
  "num_selected_features": 9,
  "best_position": [
    0,
    0,
    0,
    1,
    0,
    0,
    0,
    1,
    0,
    0,
    1,
    0,
    1,
    1,
    0,
    0,
    0,
    1,
    0,
    0,
    0,
    1,
    0,
    1,
    0,
    0,
    0,
    1,
    0,
    0
  ],
  "fitness_history": [
    0.9261904761904762,
    0.9455513784461151,
    0.9507205513784462,
    0.9507205513784462,
    0.9507205513784462,
    0.9507205513784462,
    0.9507205513784462,
    0.9560776942355889,
    0.9560776942355889,
    0.9560776942355889,
    0.9560776942355889,
    0.9560776942355889,
    0.9560776942355889,
    0.9560776942355889,
    0.9560776942355889,
    0.9560776942355889,
    0.9560776942355889,
    0.9560776942355889,
    0.9578320802005011,
    0.9595238095238094,
    0.9595238095238094,
    0.9595238095238094,
    0.9595238095238094,
    0.9595238095238094,
    0.9595238095238094,
    0.9595238095238094,
    0.9648182957393484,
    0.9648182957393484,
    0.9648182957393484,
    0.9648182957393484,
    0.9666353383458647,
    0.9666353383458647,
    0.9666353383458647,
    0.9666353383458647,
    0.9666353383458647,
    0.9666353383458647,
    0.9666353383458647,
    0.9666353383458647,
    0.9666353383458647,
    0.9666353383458647,
    0.9666353383458647,
    0.9666353383458647,
    0.9666353383458647,
    0.9666353383458647,
    0.9666353383458647,
    0.9666353383458647,
    0.9666353383458647,
    0.9666353383458647,
    0.9666353383458647,
    0.9666353383458647
  ]
}