{
  "dataset_name": "wdbc",
  "run_index": 16,
  "timestamp": "2025-12-16T21:41:04.920166",
  "base_random_seed": 42,
  "random_seed": 58,
  "pso_config": {
    "num_particles": 30,
    "num_iterations": 50,
    "inertia_weight": 0.7,
    "cognitive_coeff": 2.0,
    "social_coeff": 2.0,
    "v_min": -6.0,
    "v_max": 6.0,
    "init_position_prob": 0.5
  },
  "svm_config": {
    "C": 4096.0,
    "kernel": "rbf",
    "gamma": null,
    "r": 1.0
  },
  "best_fitness": 0.963001253132832,
  "num_selected_features": 8,
  "best_position": [
    0,
    0,
    0,
    1,
    0,
    0,
    1,
    0,
    0,
    0,
    1,
    0,
    0,
    0,
    0,
    1,
    1,
    1,
    0,
    0,
    0,
    1,
    0,
    0,
    0,
    0,
    0,
    1,
    0,
    0
  ],
  "fitness_history": [
    0.938471177944862,
    0.938471177944862,
    0.9454887218045114,
    0.9454887218045114,
    0.9454887218045114,
    0.9454887218045114,
    0.9578634085213033,
    0.9578634085213033,
    0.9578634085213033,
    0.9578634085213033,
    0.9578634085213033,
    0.9578634085213033,
    0.9578634085213033,
    0.9578634085213033,
    0.9578634085213033,
    0.9578634085213033,
    0.9578634085213033,
    0.9578634085213033,
    0.9578634085213033,
    0.9578634085213033,
    0.9578634085213033,
    0.9578634085213033,
    0.9578634085213033,
    0.9578634085213033,
    0.9578634085213033,
    0.9578634085213033,
    0.9578634085213033,
    0.9578634085213033,
    0.9578634085213033,
    0.9596177944862155,
    0.9596177944862155,
    0.9596177944862155,
    0.9596177944862155,
    0.9596177944862155,
    0.9596177944862155,
    0.9596177944862155,
    0.9596177944862155,
    0.9596177944862155,
    0.9596177944862155,
    0.963001253132832,
    0.963001253132832,
    0.963001253132832,
    0.963001253132832,
    0.963001253132832,
    0.963001253132832,
    0.963001253132832,
    0.963001253132832,
    0.963001253132832,
    0.963001253132832,
    0.963001253132832
  ]
}