{
  "dataset_name": "wdbc",
  "run_index": 1,
  "timestamp": "2025-12-16T20:46:16.685024",
  "base_random_seed": 42,
  "random_seed": 43,
  "pso_config": {
    "num_particles": 30,
    "num_iterations": 50,
    "inertia_weight": 0.7,
    "cognitive_coeff": 1.5,
    "social_coeff": 1.5,
    "v_min": -6.0,
    "v_max": 6.0,
    "init_position_prob": 0.5
  },
  "svm_config": {
    "C": 4096.0,
    "kernel": "rbf",
    "gamma": null,
    "r": 1
  },
  "best_fitness": 0.9578320802005011,
  "num_selected_features": 15,
  "best_position": [
    1,
    0,
    0,
    0,
    1,
    0,
    0,
    1,
    0,
    0,
    0,
    0,
    1,
    1,
    1,
    0,
    0,
    1,
    1,
    0,
    0,
    1,
    1,
    1,
    1,
    1,
    1,
    1,
    0,
    0
  ],
  "fitness_history": [
    0.9367481203007518,
    0.9578320802005011,
    0.9578320802005011,
    0.9578320802005011,
    0.9578320802005011,
    0.9578320802005011,
    0.9578320802005011,
    0.9578320802005011,
    0.9578320802005011,
    0.9578320802005011,
    0.9578320802005011,
    0.9578320802005011,
    0.9578320802005011,
    0.9578320802005011,
    0.9578320802005011,
    0.9578320802005011,
    0.9578320802005011,
    0.9578320802005011,
    0.9578320802005011,
    0.9578320802005011,
    0.9578320802005011,
    0.9578320802005011,
    0.9578320802005011,
    0.9578320802005011,
    0.9578320802005011,
    0.9578320802005011,
    0.9578320802005011,
    0.9578320802005011,
    0.9578320802005011,
    0.9578320802005011,
    0.9578320802005011,
    0.9578320802005011,
    0.9578320802005011,
    0.9578320802005011,
    0.9578320802005011,
    0.9578320802005011,
    0.9578320802005011,
    0.9578320802005011,
    0.9578320802005011,
    0.9578320802005011,
    0.9578320802005011,
    0.9578320802005011,
    0.9578320802005011,
    0.9578320802005011,
    0.9578320802005011,
    0.9578320802005011,
    0.9578320802005011,
    0.9578320802005011,
    0.9578320802005011,
    0.9578320802005011
  ]
}