{
  "dataset_name": "wdbc",
  "run_index": 2,
  "timestamp": "2025-12-16T21:21:14.457633",
  "base_random_seed": 42,
  "random_seed": 44,
  "pso_config": {
    "num_particles": 30,
    "num_iterations": 50,
    "inertia_weight": 0.7,
    "cognitive_coeff": 2.0,
    "social_coeff": 2.0,
    "v_min": -6.0,
    "v_max": 6.0,
    "init_position_prob": 0.5
  },
  "svm_config": {
    "C": 4096.0,
    "kernel": "rbf",
    "gamma": null,
    "r": 1.0
  },
  "best_fitness": 0.9631265664160402,
  "num_selected_features": 10,
  "best_position": [
    1,
    0,
    1,
    0,
    0,
    0,
    0,
    1,
    0,
    0,
    0,
    0,
    0,
    0,
    1,
    0,
    0,
    0,
    1,
    0,
    1,
    1,
    0,
    1,
    1,
    0,
    0,
    1,
    0,
    0
  ],
  "fitness_history": [
    0.9456140350877194,
    0.9456140350877194,
    0.9473057644110275,
    0.9473057644110275,
    0.9490601503759398,
    0.9490601503759398,
    0.9490601503759398,
    0.9491228070175438,
    0.9491228070175438,
    0.9491228070175438,
    0.9491228070175438,
    0.9491228070175438,
    0.9491228070175438,
    0.9491228070175438,
    0.9491228070175438,
    0.9491228070175438,
    0.9491228070175438,
    0.9491228070175438,
    0.9491228070175438,
    0.9491228070175438,
    0.9491228070175438,
    0.9491228070175438,
    0.9491228070175438,
    0.9491228070175438,
    0.9491228070175438,
    0.9491228070175438,
    0.9491228070175438,
    0.950814536340852,
    0.9508771929824562,
    0.956015037593985,
    0.956015037593985,
    0.956015037593985,
    0.9560776942355889,
    0.9560776942355889,
    0.9595864661654134,
    0.9595864661654134,
    0.9595864661654134,
    0.9595864661654134,
    0.9595864661654134,
    0.9595864661654134,
    0.9595864661654134,
    0.9595864661654134,
    0.9595864661654134,
    0.9595864661654134,
    0.9595864661654134,
    0.9595864661654134,
    0.9631265664160402,
    0.9631265664160402,
    0.9631265664160402,
    0.9631265664160402
  ]
}