{
  "dataset_name": "wdbc",
  "run_index": 0,
  "timestamp": "2025-12-16T21:18:48.225045",
  "base_random_seed": 42,
  "random_seed": 42,
  "pso_config": {
    "num_particles": 30,
    "num_iterations": 50,
    "inertia_weight": 0.7,
    "cognitive_coeff": 2.0,
    "social_coeff": 2.0,
    "v_min": -6.0,
    "v_max": 6.0,
    "init_position_prob": 0.5
  },
  "svm_config": {
    "C": 4096.0,
    "kernel": "rbf",
    "gamma": null,
    "r": 1.0
  },
  "best_fitness": 0.9648496240601503,
  "num_selected_features": 9,
  "best_position": [
    0,
    0,
    0,
    0,
    0,
    0,
    1,
    0,
    0,
    0,
    0,
    1,
    1,
    0,
    0,
    0,
    0,
    0,
    0,
    0,
    1,
    1,
    0,
    1,
    1,
    1,
    0,
    1,
    0,
    0
  ],
  "fitness_history": [
    0.9349937343358394,
    0.9402568922305765,
    0.9402568922305765,
    0.9419486215538848,
    0.9507518796992482,
    0.9507518796992482,
    0.9507518796992482,
    0.9507518796992482,
    0.9507518796992482,
    0.9507518796992482,
    0.9507518796992482,
    0.9507518796992482,
    0.9508458646616541,
    0.9508458646616541,
    0.9508458646616541,
    0.9508458646616541,
    0.9543859649122807,
    0.9543859649122807,
    0.9543859649122807,
    0.9559837092731829,
    0.9648496240601503,
    0.9648496240601503,
    0.9648496240601503,
    0.9648496240601503,
    0.9648496240601503,
    0.9648496240601503,
    0.9648496240601503,
    0.9648496240601503,
    0.9648496240601503,
    0.9648496240601503,
    0.9648496240601503,
    0.9648496240601503,
    0.9648496240601503,
    0.9648496240601503,
    0.9648496240601503,
    0.9648496240601503,
    0.9648496240601503,
    0.9648496240601503,
    0.9648496240601503,
    0.9648496240601503,
    0.9648496240601503,
    0.9648496240601503,
    0.9648496240601503,
    0.9648496240601503,
    0.9648496240601503,
    0.9648496240601503,
    0.9648496240601503,
    0.9648496240601503,
    0.9648496240601503,
    0.9648496240601503
  ]
}