{
  "dataset_name": "wdbc",
  "run_index": 28,
  "timestamp": "2025-12-16T21:57:25.502644",
  "base_random_seed": 42,
  "random_seed": 70,
  "pso_config": {
    "num_particles": 30,
    "num_iterations": 50,
    "inertia_weight": 0.7,
    "cognitive_coeff": 2.0,
    "social_coeff": 2.0,
    "v_min": -6.0,
    "v_max": 6.0,
    "init_position_prob": 0.5
  },
  "svm_config": {
    "C": 4096.0,
    "kernel": "rbf",
    "gamma": null,
    "r": 1.0
  },
  "best_fitness": 0.9578634085213033,
  "num_selected_features": 9,
  "best_position": [
    0,
    0,
    0,
    0,
    0,
    0,
    1,
    1,
    0,
    0,
    1,
    0,
    0,
    0,
    0,
    1,
    0,
    0,
    0,
    0,
    0,
    1,
    0,
    1,
    0,
    1,
    1,
    1,
    0,
    0
  ],
  "fitness_history": [
    0.943765664160401,
    0.943765664160401,
    0.943765664160401,
    0.943765664160401,
    0.943765664160401,
    0.943765664160401,
    0.9507518796992482,
    0.9525375939849624,
    0.9525375939849624,
    0.9525375939849624,
    0.9525375939849624,
    0.9525375939849624,
    0.9525375939849624,
    0.9525375939849624,
    0.9526002506265664,
    0.9526002506265664,
    0.9526002506265664,
    0.9526002506265664,
    0.9526002506265664,
    0.9542606516290728,
    0.9542606516290728,
    0.9542606516290728,
    0.9542606516290728,
    0.9542606516290728,
    0.9542606516290728,
    0.9542606516290728,
    0.9542606516290728,
    0.9560776942355889,
    0.9560776942355889,
    0.9560776942355889,
    0.9560776942355889,
    0.9560776942355889,
    0.9560776942355889,
    0.9560776942355889,
    0.9560776942355889,
    0.9560776942355889,
    0.9560776942355889,
    0.9560776942355889,
    0.9560776942355889,
    0.9560776942355889,
    0.9560776942355889,
    0.9560776942355889,
    0.9560776942355889,
    0.9560776942355889,
    0.9560776942355889,
    0.9560776942355889,
    0.9578634085213033,
    0.9578634085213033,
    0.9578634085213033,
    0.9578634085213033
  ]
}