{
  "dataset_name": "wdbc",
  "run_index": 0,
  "timestamp": "2025-12-16T20:43:15.279918",
  "base_random_seed": 42,
  "random_seed": 42,
  "pso_config": {
    "num_particles": 30,
    "num_iterations": 50,
    "inertia_weight": 0.7,
    "cognitive_coeff": 1.5,
    "social_coeff": 1.5,
    "v_min": -6.0,
    "v_max": 6.0,
    "init_position_prob": 0.5
  },
  "svm_config": {
    "C": 4096.0,
    "kernel": "rbf",
    "gamma": null,
    "r": 1
  },
  "best_fitness": 0.9614035087719298,
  "num_selected_features": 6,
  "best_position": [
    0,
    0,
    1,
    0,
    0,
    0,
    0,
    0,
    0,
    0,
    0,
    0,
    0,
    0,
    0,
    0,
    0,
    1,
    0,
    0,
    0,
    1,
    1,
    0,
    1,
    0,
    0,
    0,
    1,
    0
  ],
  "fitness_history": [
    0.9367481203007518,
    0.9367481203007518,
    0.9367481203007518,
    0.9367481203007518,
    0.9419172932330826,
    0.9419172932330826,
    0.9419172932330826,
    0.9454573934837093,
    0.9455200501253133,
    0.9455200501253133,
    0.9455200501253133,
    0.9524749373433584,
    0.9524749373433584,
    0.9524749373433584,
    0.9614035087719298,
    0.9614035087719298,
    0.9614035087719298,
    0.9614035087719298,
    0.9614035087719298,
    0.9614035087719298,
    0.9614035087719298,
    0.9614035087719298,
    0.9614035087719298,
    0.9614035087719298,
    0.9614035087719298,
    0.9614035087719298,
    0.9614035087719298,
    0.9614035087719298,
    0.9614035087719298,
    0.9614035087719298,
    0.9614035087719298,
    0.9614035087719298,
    0.9614035087719298,
    0.9614035087719298,
    0.9614035087719298,
    0.9614035087719298,
    0.9614035087719298,
    0.9614035087719298,
    0.9614035087719298,
    0.9614035087719298,
    0.9614035087719298,
    0.9614035087719298,
    0.9614035087719298,
    0.9614035087719298,
    0.9614035087719298,
    0.9614035087719298,
    0.9614035087719298,
    0.9614035087719298,
    0.9614035087719298,
    0.9614035087719298
  ]
}