{
  "dataset_name": "wdbc",
  "run_index": 6,
  "timestamp": "2025-12-16T21:12:16.966238",
  "base_random_seed": 42,
  "random_seed": 48,
  "pso_config": {
    "num_particles": 30,
    "num_iterations": 50,
    "inertia_weight": 0.7,
    "cognitive_coeff": 2.0,
    "social_coeff": 2.0,
    "v_min": -6.0,
    "v_max": 6.0,
    "init_position_prob": 0.5
  },
  "svm_config": {
    "C": 4096.0,
    "kernel": "rbf",
    "gamma": null,
    "r": 1.0
  },
  "best_fitness": 0.963063909774436,
  "num_selected_features": 9,
  "best_position": [
    0,
    0,
    1,
    0,
    0,
    0,
    0,
    1,
    0,
    0,
    1,
    1,
    0,
    1,
    0,
    0,
    0,
    0,
    0,
    0,
    0,
    1,
    1,
    1,
    1,
    0,
    0,
    0,
    0,
    0
  ],
  "fitness_history": [
    0.9261904761904762,
    0.9507832080200501,
    0.9507832080200501,
    0.9507832080200501,
    0.9507832080200501,
    0.9507832080200501,
    0.956140350877193,
    0.963063909774436,
    0.963063909774436,
    0.963063909774436,
    0.963063909774436,
    0.963063909774436,
    0.963063909774436,
    0.963063909774436,
    0.963063909774436,
    0.963063909774436,
    0.963063909774436,
    0.963063909774436,
    0.963063909774436,
    0.963063909774436,
    0.963063909774436,
    0.963063909774436,
    0.963063909774436,
    0.963063909774436,
    0.963063909774436,
    0.963063909774436,
    0.963063909774436,
    0.963063909774436,
    0.963063909774436,
    0.963063909774436,
    0.963063909774436,
    0.963063909774436,
    0.963063909774436,
    0.963063909774436,
    0.963063909774436,
    0.963063909774436,
    0.963063909774436,
    0.963063909774436,
    0.963063909774436,
    0.963063909774436,
    0.963063909774436,
    0.963063909774436,
    0.963063909774436,
    0.963063909774436,
    0.963063909774436,
    0.963063909774436,
    0.963063909774436,
    0.963063909774436,
    0.963063909774436,
    0.963063909774436
  ]
}