{
  "dataset_name": "wdbc",
  "run_index": 15,
  "timestamp": "2025-12-16T21:39:43.401249",
  "base_random_seed": 42,
  "random_seed": 57,
  "pso_config": {
    "num_particles": 30,
    "num_iterations": 50,
    "inertia_weight": 0.7,
    "cognitive_coeff": 2.0,
    "social_coeff": 2.0,
    "v_min": -6.0,
    "v_max": 6.0,
    "init_position_prob": 0.5
  },
  "svm_config": {
    "C": 4096.0,
    "kernel": "rbf",
    "gamma": null,
    "r": 1.0
  },
  "best_fitness": 0.96312656641604,
  "num_selected_features": 9,
  "best_position": [
    1,
    0,
    0,
    0,
    0,
    0,
    0,
    1,
    0,
    0,
    0,
    0,
    1,
    0,
    0,
    0,
    0,
    0,
    0,
    1,
    1,
    1,
    1,
    1,
    1,
    0,
    0,
    0,
    0,
    0
  ],
  "fitness_history": [
    0.9349624060150376,
    0.9349624060150376,
    0.9367481203007518,
    0.9418546365914787,
    0.9437969924812029,
    0.9508458646616542,
    0.9508458646616542,
    0.9508771929824562,
    0.9508771929824562,
    0.9508771929824562,
    0.9508771929824562,
    0.9508771929824562,
    0.9526315789473683,
    0.9526315789473683,
    0.9526315789473683,
    0.9526315789473683,
    0.9526315789473683,
    0.9526315789473683,
    0.9526315789473683,
    0.9526315789473683,
    0.9526315789473683,
    0.9526315789473683,
    0.9526315789473683,
    0.9543233082706767,
    0.96312656641604,
    0.96312656641604,
    0.96312656641604,
    0.96312656641604,
    0.96312656641604,
    0.96312656641604,
    0.96312656641604,
    0.96312656641604,
    0.96312656641604,
    0.96312656641604,
    0.96312656641604,
    0.96312656641604,
    0.96312656641604,
    0.96312656641604,
    0.96312656641604,
    0.96312656641604,
    0.96312656641604,
    0.96312656641604,
    0.96312656641604,
    0.96312656641604,
    0.96312656641604,
    0.96312656641604,
    0.96312656641604,
    0.96312656641604,
    0.96312656641604,
    0.96312656641604
  ]
}