{
  "dataset_name": "wdbc",
  "run_index": 29,
  "timestamp": "2025-12-16T21:58:47.998838",
  "base_random_seed": 42,
  "random_seed": 71,
  "pso_config": {
    "num_particles": 30,
    "num_iterations": 50,
    "inertia_weight": 0.7,
    "cognitive_coeff": 2.0,
    "social_coeff": 2.0,
    "v_min": -6.0,
    "v_max": 6.0,
    "init_position_prob": 0.5
  },
  "svm_config": {
    "C": 4096.0,
    "kernel": "rbf",
    "gamma": null,
    "r": 1.0
  },
  "best_fitness": 0.9666353383458647,
  "num_selected_features": 9,
  "best_position": [
    0,
    0,
    0,
    0,
    1,
    0,
    0,
    0,
    0,
    0,
    1,
    0,
    1,
    0,
    1,
    0,
    0,
    1,
    0,
    0,
    1,
    1,
    0,
    0,
    0,
    0,
    1,
    1,
    0,
    0
  ],
  "fitness_history": [
    0.9332080200501253,
    0.9385025062656641,
    0.9402568922305765,
    0.943765664160401,
    0.9506578947368421,
    0.9561090225563911,
    0.9561090225563911,
    0.9561090225563911,
    0.9561090225563911,
    0.9561090225563911,
    0.9561090225563911,
    0.9561090225563911,
    0.9561090225563911,
    0.9561090225563911,
    0.9561090225563911,
    0.9561090225563911,
    0.9561090225563911,
    0.9561090225563911,
    0.9561090225563911,
    0.9561090225563911,
    0.9561090225563911,
    0.9561090225563911,
    0.9578634085213034,
    0.9578634085213034,
    0.9578634085213034,
    0.9578634085213034,
    0.9578634085213034,
    0.9578634085213034,
    0.9578634085213034,
    0.9595551378446115,
    0.9595551378446115,
    0.9595551378446115,
    0.9595551378446115,
    0.9595551378446115,
    0.9595551378446115,
    0.9595551378446115,
    0.9595551378446115,
    0.9595551378446115,
    0.9649122807017543,
    0.9649122807017543,
    0.9666353383458647,
    0.9666353383458647,
    0.9666353383458647,
    0.9666353383458647,
    0.9666353383458647,
    0.9666353383458647,
    0.9666353383458647,
    0.9666353383458647,
    0.9666353383458647,
    0.9666353383458647
  ]
}