{
  "dataset_name": "wdbc",
  "run_index": 3,
  "timestamp": "2025-12-16T21:22:28.552637",
  "base_random_seed": 42,
  "random_seed": 45,
  "pso_config": {
    "num_particles": 30,
    "num_iterations": 50,
    "inertia_weight": 0.7,
    "cognitive_coeff": 2.0,
    "social_coeff": 2.0,
    "v_min": -6.0,
    "v_max": 6.0,
    "init_position_prob": 0.5
  },
  "svm_config": {
    "C": 4096.0,
    "kernel": "rbf",
    "gamma": null,
    "r": 1.0
  },
  "best_fitness": 0.9665726817042606,
  "num_selected_features": 9,
  "best_position": [
    0,
    0,
    0,
    1,
    0,
    0,
    0,
    1,
    0,
    0,
    0,
    1,
    0,
    1,
    0,
    0,
    0,
    0,
    0,
    0,
    1,
    1,
    0,
    1,
    1,
    1,
    0,
    0,
    0,
    0
  ],
  "fitness_history": [
    0.9455513784461151,
    0.9455513784461151,
    0.9455513784461151,
    0.9455513784461151,
    0.9507205513784462,
    0.9507205513784462,
    0.9525375939849624,
    0.9525375939849624,
    0.9526002506265664,
    0.9526002506265664,
    0.9526002506265664,
    0.9578320802005011,
    0.9578320802005011,
    0.9578320802005011,
    0.9578320802005011,
    0.9578947368421054,
    0.9578947368421054,
    0.9578947368421054,
    0.9578947368421054,
    0.9596177944862155,
    0.9596177944862155,
    0.9596177944862155,
    0.9596177944862155,
    0.9596177944862155,
    0.9596177944862155,
    0.9596177944862155,
    0.9596177944862155,
    0.9596177944862155,
    0.9596177944862155,
    0.9596177944862155,
    0.9596177944862155,
    0.9596177944862155,
    0.9596177944862155,
    0.9596177944862155,
    0.9596177944862155,
    0.9596177944862155,
    0.9665726817042606,
    0.9665726817042606,
    0.9665726817042606,
    0.9665726817042606,
    0.9665726817042606,
    0.9665726817042606,
    0.9665726817042606,
    0.9665726817042606,
    0.9665726817042606,
    0.9665726817042606,
    0.9665726817042606,
    0.9665726817042606,
    0.9665726817042606,
    0.9665726817042606
  ]
}