{
  "dataset_name": "wdbc",
  "run_index": 25,
  "timestamp": "2025-12-16T21:53:08.970114",
  "base_random_seed": 42,
  "random_seed": 67,
  "pso_config": {
    "num_particles": 30,
    "num_iterations": 50,
    "inertia_weight": 0.7,
    "cognitive_coeff": 2.0,
    "social_coeff": 2.0,
    "v_min": -6.0,
    "v_max": 6.0,
    "init_position_prob": 0.5
  },
  "svm_config": {
    "C": 4096.0,
    "kernel": "rbf",
    "gamma": null,
    "r": 1.0
  },
  "best_fitness": 0.963063909774436,
  "num_selected_features": 9,
  "best_position": [
    1,
    0,
    1,
    0,
    0,
    0,
    1,
    0,
    0,
    0,
    0,
    0,
    1,
    1,
    0,
    0,
    0,
    0,
    0,
    0,
    0,
    1,
    1,
    1,
    1,
    0,
    0,
    0,
    0,
    0
  ],
  "fitness_history": [
    0.9384398496240601,
    0.9420739348370928,
    0.9437969924812029,
    0.9438283208020051,
    0.9438283208020051,
    0.9438283208020051,
    0.9454887218045112,
    0.9525375939849624,
    0.9525375939849624,
    0.9525375939849624,
    0.9525375939849624,
    0.9525375939849624,
    0.9525375939849624,
    0.9525375939849624,
    0.9613721804511277,
    0.9613721804511277,
    0.9613721804511277,
    0.9613721804511277,
    0.9613721804511277,
    0.9613721804511277,
    0.9613721804511277,
    0.9613721804511277,
    0.9613721804511277,
    0.9613721804511277,
    0.9613721804511277,
    0.9613721804511277,
    0.9613721804511277,
    0.9613721804511277,
    0.9613721804511277,
    0.9613721804511277,
    0.9613721804511277,
    0.9613721804511277,
    0.9613721804511277,
    0.9613721804511277,
    0.9613721804511277,
    0.9613721804511277,
    0.9613721804511277,
    0.9613721804511277,
    0.9613721804511277,
    0.9613721804511277,
    0.9613721804511277,
    0.9613721804511277,
    0.9613721804511277,
    0.9613721804511277,
    0.9613721804511277,
    0.9613721804511277,
    0.9613721804511277,
    0.9613721804511277,
    0.9613721804511277,
    0.9613721804511277
  ]
}