{
  "dataset_name": "wdbc",
  "run_index": 27,
  "timestamp": "2025-12-16T21:55:54.476034",
  "base_random_seed": 42,
  "random_seed": 69,
  "pso_config": {
    "num_particles": 30,
    "num_iterations": 50,
    "inertia_weight": 0.7,
    "cognitive_coeff": 2.0,
    "social_coeff": 2.0,
    "v_min": -6.0,
    "v_max": 6.0,
    "init_position_prob": 0.5
  },
  "svm_config": {
    "C": 4096.0,
    "kernel": "rbf",
    "gamma": null,
    "r": 1.0
  },
  "best_fitness": 0.9631265664160402,
  "num_selected_features": 6,
  "best_position": [
    1,
    0,
    0,
    0,
    0,
    0,
    0,
    0,
    0,
    0,
    0,
    0,
    1,
    0,
    0,
    0,
    0,
    0,
    0,
    0,
    0,
    1,
    0,
    1,
    0,
    0,
    1,
    1,
    0,
    0
  ],
  "fitness_history": [
    0.9385025062656641,
    0.943703007518797,
    0.9455200501253131,
    0.9455200501253131,
    0.9525375939849623,
    0.9525375939849623,
    0.9525375939849623,
    0.9525375939849623,
    0.9525689223057643,
    0.9525689223057643,
    0.9525689223057643,
    0.9525689223057643,
    0.9525689223057643,
    0.9542919799498746,
    0.9542919799498746,
    0.9543546365914788,
    0.9543546365914788,
    0.9543546365914788,
    0.9543546365914788,
    0.9577694235588972,
    0.9577694235588972,
    0.9577694235588972,
    0.9577694235588972,
    0.9577694235588972,
    0.9614035087719298,
    0.9614035087719298,
    0.9614035087719298,
    0.9614035087719298,
    0.9614035087719298,
    0.9614035087719298,
    0.9614035087719298,
    0.9614035087719298,
    0.9614035087719298,
    0.9614035087719298,
    0.9614035087719298,
    0.9614035087719298,
    0.9631265664160402,
    0.9631265664160402,
    0.9631265664160402,
    0.9631265664160402,
    0.9631265664160402,
    0.9631265664160402,
    0.9631265664160402,
    0.9631265664160402,
    0.9631265664160402,
    0.9631265664160402,
    0.9631265664160402,
    0.9631265664160402,
    0.9631265664160402,
    0.9631265664160402
  ]
}