{
  "dataset_name": "wdbc",
  "run_index": 22,
  "timestamp": "2025-12-16T21:49:17.389214",
  "base_random_seed": 42,
  "random_seed": 64,
  "pso_config": {
    "num_particles": 30,
    "num_iterations": 50,
    "inertia_weight": 0.7,
    "cognitive_coeff": 2.0,
    "social_coeff": 2.0,
    "v_min": -6.0,
    "v_max": 6.0,
    "init_position_prob": 0.5
  },
  "svm_config": {
    "C": 4096.0,
    "kernel": "rbf",
    "gamma": null,
    "r": 1.0
  },
  "best_fitness": 0.9560776942355889,
  "num_selected_features": 13,
  "best_position": [
    1,
    1,
    1,
    0,
    0,
    0,
    1,
    0,
    0,
    0,
    1,
    1,
    0,
    0,
    0,
    1,
    0,
    1,
    1,
    0,
    1,
    0,
    1,
    0,
    1,
    0,
    0,
    1,
    0,
    0
  ],
  "fitness_history": [
    0.9315476190476192,
    0.9315476190476192,
    0.9472431077694236,
    0.9472431077694236,
    0.9543859649122807,
    0.9543859649122807,
    0.9543859649122807,
    0.9543859649122807,
    0.9543859649122807,
    0.9543859649122807,
    0.9543859649122807,
    0.9560463659147869,
    0.9560463659147869,
    0.9560463659147869,
    0.9560463659147869,
    0.9560463659147869,
    0.9560463659147869,
    0.9560463659147869,
    0.9560463659147869,
    0.9560463659147869,
    0.9560463659147869,
    0.9560463659147869,
    0.9560463659147869,
    0.9560463659147869,
    0.9560776942355889,
    0.9560776942355889,
    0.9560776942355889,
    0.9560776942355889,
    0.9560776942355889,
    0.9560776942355889,
    0.9560776942355889,
    0.9560776942355889,
    0.9560776942355889,
    0.9560776942355889,
    0.9560776942355889,
    0.9560776942355889,
    0.9560776942355889,
    0.9560776942355889,
    0.9560776942355889,
    0.9560776942355889,
    0.9560776942355889,
    0.9560776942355889,
    0.9560776942355889,
    0.9560776942355889,
    0.9560776942355889,
    0.9560776942355889,
    0.9560776942355889,
    0.9560776942355889,
    0.9560776942355889,
    0.9560776942355889
  ]
}