{
  "dataset_name": "wdbc",
  "run_index": 2,
  "timestamp": "2025-12-16T20:49:04.307450",
  "base_random_seed": 42,
  "random_seed": 44,
  "pso_config": {
    "num_particles": 30,
    "num_iterations": 50,
    "inertia_weight": 0.7,
    "cognitive_coeff": 1.5,
    "social_coeff": 1.5,
    "v_min": -6.0,
    "v_max": 6.0,
    "init_position_prob": 0.5
  },
  "svm_config": {
    "C": 4096.0,
    "kernel": "rbf",
    "gamma": null,
    "r": 1
  },
  "best_fitness": 0.9648809523809524,
  "num_selected_features": 9,
  "best_position": [
    0,
    0,
    0,
    1,
    0,
    0,
    0,
    0,
    0,
    0,
    0,
    0,
    0,
    1,
    1,
    0,
    0,
    0,
    1,
    0,
    1,
    1,
    1,
    0,
    1,
    0,
    1,
    0,
    0,
    0
  ],
  "fitness_history": [
    0.9473057644110275,
    0.9473057644110275,
    0.9473057644110275,
    0.9473057644110275,
    0.9508458646616541,
    0.9508458646616541,
    0.9508458646616541,
    0.9508458646616541,
    0.9525375939849624,
    0.9525375939849624,
    0.9525689223057643,
    0.9525689223057643,
    0.9525689223057643,
    0.9525689223057643,
    0.9525689223057643,
    0.9543233082706767,
    0.9543233082706767,
    0.9543233082706767,
    0.9543233082706767,
    0.9543233082706767,
    0.9543233082706767,
    0.9543233082706767,
    0.9543233082706767,
    0.9543233082706767,
    0.9543233082706767,
    0.9543233082706767,
    0.9543233082706767,
    0.9648809523809524,
    0.9648809523809524,
    0.9648809523809524,
    0.9648809523809524,
    0.9648809523809524,
    0.9648809523809524,
    0.9648809523809524,
    0.9648809523809524,
    0.9648809523809524,
    0.9648809523809524,
    0.9648809523809524,
    0.9648809523809524,
    0.9648809523809524,
    0.9648809523809524,
    0.9648809523809524,
    0.9648809523809524,
    0.9648809523809524,
    0.9648809523809524,
    0.9648809523809524,
    0.9648809523809524,
    0.9648809523809524,
    0.9648809523809524,
    0.9648809523809524
  ]
}