{
  "dataset_name": "wdbc",
  "run_index": 26,
  "timestamp": "2025-12-16T21:54:29.431324",
  "base_random_seed": 42,
  "random_seed": 68,
  "pso_config": {
    "num_particles": 30,
    "num_iterations": 50,
    "inertia_weight": 0.7,
    "cognitive_coeff": 2.0,
    "social_coeff": 2.0,
    "v_min": -6.0,
    "v_max": 6.0,
    "init_position_prob": 0.5
  },
  "svm_config": {
    "C": 4096.0,
    "kernel": "rbf",
    "gamma": null,
    "r": 1.0
  },
  "best_fitness": 0.9648182957393484,
  "num_selected_features": 7,
  "best_position": [
    0,
    0,
    0,
    0,
    0,
    0,
    0,
    1,
    0,
    0,
    0,
    1,
    0,
    0,
    0,
    0,
    0,
    0,
    0,
    0,
    0,
    1,
    1,
    0,
    1,
    1,
    0,
    1,
    0,
    0
  ],
  "fitness_history": [
    0.9367481203007518,
    0.9454887218045114,
    0.9454887218045114,
    0.9454887218045114,
    0.9454887218045114,
    0.9454887218045114,
    0.9472744360902254,
    0.9472744360902254,
    0.9543546365914788,
    0.9543546365914788,
    0.9543546365914788,
    0.9543546365914788,
    0.9543546365914788,
    0.9594924812030076,
    0.9648182957393484,
    0.9648182957393484,
    0.9648182957393484,
    0.9648182957393484,
    0.9648182957393484,
    0.9648182957393484,
    0.9648182957393484,
    0.9648182957393484,
    0.9648182957393484,
    0.9648182957393484,
    0.9648182957393484,
    0.9648182957393484,
    0.9648182957393484,
    0.9648182957393484,
    0.9648182957393484,
    0.9648182957393484,
    0.9648182957393484,
    0.9648182957393484,
    0.9648182957393484,
    0.9648182957393484,
    0.9648182957393484,
    0.9648182957393484,
    0.9648182957393484,
    0.9648182957393484,
    0.9648182957393484,
    0.9648182957393484,
    0.9648182957393484,
    0.9648182957393484,
    0.9648182957393484,
    0.9648182957393484,
    0.9648182957393484,
    0.9648182957393484,
    0.9648182957393484,
    0.9648182957393484,
    0.9648182957393484,
    0.9648182957393484
  ]
}