{
  "dataset_name": "wdbc",
  "run_index": 5,
  "timestamp": "2025-12-16T21:25:12.092997",
  "base_random_seed": 42,
  "random_seed": 47,
  "pso_config": {
    "num_particles": 30,
    "num_iterations": 50,
    "inertia_weight": 0.7,
    "cognitive_coeff": 2.0,
    "social_coeff": 2.0,
    "v_min": -6.0,
    "v_max": 6.0,
    "init_position_prob": 0.5
  },
  "svm_config": {
    "C": 4096.0,
    "kernel": "rbf",
    "gamma": null,
    "r": 1.0
  },
  "best_fitness": 0.9613408521303258,
  "num_selected_features": 8,
  "best_position": [
    0,
    0,
    0,
    0,
    0,
    0,
    0,
    1,
    0,
    0,
    0,
    1,
    0,
    0,
    0,
    0,
    1,
    1,
    0,
    0,
    0,
    1,
    1,
    1,
    1,
    0,
    0,
    0,
    0,
    0
  ],
  "fitness_history": [
    0.9420112781954886,
    0.9420112781954886,
    0.9420112781954886,
    0.9525062656641605,
    0.9525062656641605,
    0.9525062656641605,
    0.9525062656641605,
    0.9525062656641605,
    0.9525375939849624,
    0.9560776942355889,
    0.9560776942355889,
    0.9595864661654134,
    0.9595864661654134,
    0.9595864661654134,
    0.9595864661654134,
    0.9595864661654134,
    0.9595864661654134,
    0.9595864661654134,
    0.9595864661654134,
    0.9595864661654134,
    0.9595864661654134,
    0.9595864661654134,
    0.9595864661654134,
    0.9595864661654134,
    0.9595864661654134,
    0.9595864661654134,
    0.9595864661654134,
    0.9595864661654134,
    0.9595864661654134,
    0.9595864661654134,
    0.9595864661654134,
    0.9595864661654134,
    0.9595864661654134,
    0.9595864661654134,
    0.9595864661654134,
    0.9595864661654134,
    0.9595864661654134,
    0.9595864661654134,
    0.9595864661654134,
    0.9595864661654134,
    0.9613408521303258,
    0.9613408521303258,
    0.9613408521303258,
    0.9613408521303258,
    0.9613408521303258,
    0.9613408521303258,
    0.9613408521303258,
    0.9613408521303258,
    0.9613408521303258,
    0.9613408521303258
  ]
}