{
  "dataset_name": "wdbc",
  "run_index": 0,
  "timestamp": "2025-12-16T21:04:38.921712",
  "base_random_seed": 42,
  "random_seed": 42,
  "pso_config": {
    "num_particles": 30,
    "num_iterations": 50,
    "inertia_weight": 0.7,
    "cognitive_coeff": 2.0,
    "social_coeff": 2.0,
    "v_min": -6.0,
    "v_max": 6.0,
    "init_position_prob": 0.5
  },
  "svm_config": {
    "C": 4096.0,
    "kernel": "rbf",
    "gamma": null,
    "r": 1.0
  },
  "best_fitness": 0.9613721804511279,
  "num_selected_features": 9,
  "best_position": [
    0,
    0,
    0,
    0,
    0,
    0,
    0,
    0,
    0,
    0,
    1,
    0,
    1,
    1,
    0,
    0,
    0,
    0,
    0,
    0,
    0,
    1,
    1,
    0,
    1,
    0,
    1,
    1,
    0,
    1
  ],
  "fitness_history": [
    0.9349937343358397,
    0.938533834586466,
    0.938533834586466,
    0.9402882205513784,
    0.9402882205513784,
    0.9402882205513784,
    0.9419799498746867,
    0.9419799498746867,
    0.9507832080200501,
    0.9507832080200501,
    0.9507832080200501,
    0.9507832080200501,
    0.9507832080200501,
    0.9507832080200501,
    0.9525062656641605,
    0.9525062656641605,
    0.9525062656641605,
    0.9525062656641605,
    0.9525062656641605,
    0.9525062656641605,
    0.9525062656641605,
    0.9525062656641605,
    0.9525062656641605,
    0.9525062656641605,
    0.9525062656641605,
    0.9525062656641605,
    0.9525062656641605,
    0.9525062656641605,
    0.9526002506265666,
    0.9526002506265666,
    0.9613721804511279,
    0.9613721804511279,
    0.9613721804511279,
    0.9613721804511279,
    0.9613721804511279,
    0.9613721804511279,
    0.9613721804511279,
    0.9613721804511279,
    0.9613721804511279,
    0.9613721804511279,
    0.9613721804511279,
    0.9613721804511279,
    0.9613721804511279,
    0.9613721804511279,
    0.9613721804511279,
    0.9613721804511279,
    0.9613721804511279,
    0.9613721804511279,
    0.9613721804511279,
    0.9613721804511279
  ]
}