{
  "dataset_name": "wdbc",
  "run_index": 11,
  "timestamp": "2025-12-16T21:34:20.465883",
  "base_random_seed": 42,
  "random_seed": 53,
  "pso_config": {
    "num_particles": 30,
    "num_iterations": 50,
    "inertia_weight": 0.7,
    "cognitive_coeff": 2.0,
    "social_coeff": 2.0,
    "v_min": -6.0,
    "v_max": 6.0,
    "init_position_prob": 0.5
  },
  "svm_config": {
    "C": 4096.0,
    "kernel": "rbf",
    "gamma": null,
    "r": 1.0
  },
  "best_fitness": 0.9630325814536341,
  "num_selected_features": 9,
  "best_position": [
    1,
    0,
    1,
    0,
    0,
    0,
    0,
    0,
    1,
    0,
    1,
    0,
    0,
    0,
    0,
    0,
    0,
    0,
    0,
    0,
    1,
    1,
    1,
    0,
    1,
    0,
    0,
    1,
    0,
    0
  ],
  "fitness_history": [
    0.9314536340852131,
    0.936591478696742,
    0.9385651629072681,
    0.9455200501253133,
    0.9455200501253133,
    0.9455200501253133,
    0.9455200501253133,
    0.9507832080200501,
    0.9507832080200501,
    0.9507832080200501,
    0.9507832080200501,
    0.9543546365914788,
    0.9543546365914788,
    0.9543546365914788,
    0.9543546365914788,
    0.9543546365914788,
    0.9543546365914788,
    0.9613721804511279,
    0.9613721804511279,
    0.9613721804511279,
    0.9613721804511279,
    0.9613721804511279,
    0.9613721804511279,
    0.9613721804511279,
    0.9613721804511279,
    0.9613721804511279,
    0.9613721804511279,
    0.9613721804511279,
    0.9613721804511279,
    0.9613721804511279,
    0.9630325814536341,
    0.9630325814536341,
    0.9630325814536341,
    0.9630325814536341,
    0.9630325814536341,
    0.9630325814536341,
    0.9630325814536341,
    0.9630325814536341,
    0.9630325814536341,
    0.9630325814536341,
    0.9630325814536341,
    0.9630325814536341,
    0.9630325814536341,
    0.9630325814536341,
    0.9630325814536341,
    0.9630325814536341,
    0.9630325814536341,
    0.9630325814536341,
    0.9630325814536341,
    0.9630325814536341
  ]
}