{
  "dataset_name": "wdbc",
  "run_index": 14,
  "timestamp": "2025-12-16T21:38:13.913733",
  "base_random_seed": 42,
  "random_seed": 56,
  "pso_config": {
    "num_particles": 30,
    "num_iterations": 50,
    "inertia_weight": 0.7,
    "cognitive_coeff": 2.0,
    "social_coeff": 2.0,
    "v_min": -6.0,
    "v_max": 6.0,
    "init_position_prob": 0.5
  },
  "svm_config": {
    "C": 4096.0,
    "kernel": "rbf",
    "gamma": null,
    "r": 1.0
  },
  "best_fitness": 0.9595864661654134,
  "num_selected_features": 10,
  "best_position": [
    1,
    0,
    1,
    0,
    0,
    0,
    0,
    1,
    0,
    0,
    0,
    0,
    0,
    1,
    0,
    0,
    1,
    1,
    0,
    0,
    1,
    1,
    0,
    1,
    0,
    0,
    0,
    1,
    0,
    0
  ],
  "fitness_history": [
    0.9367481203007518,
    0.9401315789473685,
    0.9401315789473685,
    0.9401315789473685,
    0.9524749373433584,
    0.9543233082706767,
    0.9543233082706767,
    0.9543233082706767,
    0.9543233082706767,
    0.9543233082706767,
    0.9543233082706767,
    0.9543233082706767,
    0.9543233082706767,
    0.9543233082706767,
    0.9561090225563911,
    0.9561090225563911,
    0.9561090225563911,
    0.9561090225563911,
    0.9561090225563911,
    0.9561090225563911,
    0.9561090225563911,
    0.9561090225563911,
    0.9561090225563911,
    0.9595864661654134,
    0.9595864661654134,
    0.9595864661654134,
    0.9595864661654134,
    0.9595864661654134,
    0.9595864661654134,
    0.9595864661654134,
    0.9595864661654134,
    0.9595864661654134,
    0.9595864661654134,
    0.9595864661654134,
    0.9595864661654134,
    0.9595864661654134,
    0.9595864661654134,
    0.9595864661654134,
    0.9595864661654134,
    0.9595864661654134,
    0.9595864661654134,
    0.9595864661654134,
    0.9595864661654134,
    0.9595864661654134,
    0.9595864661654134,
    0.9595864661654134,
    0.9595864661654134,
    0.9595864661654134,
    0.9595864661654134,
    0.9595864661654134
  ]
}