{
  "dataset_name": "wdbc",
  "run_index": 21,
  "timestamp": "2025-12-16T21:47:57.284010",
  "base_random_seed": 42,
  "random_seed": 63,
  "pso_config": {
    "num_particles": 30,
    "num_iterations": 50,
    "inertia_weight": 0.7,
    "cognitive_coeff": 2.0,
    "social_coeff": 2.0,
    "v_min": -6.0,
    "v_max": 6.0,
    "init_position_prob": 0.5
  },
  "svm_config": {
    "C": 4096.0,
    "kernel": "rbf",
    "gamma": null,
    "r": 1.0
  },
  "best_fitness": 0.9613408521303256,
  "num_selected_features": 10,
  "best_position": [
    1,
    0,
    1,
    1,
    0,
    0,
    0,
    1,
    0,
    0,
    0,
    0,
    0,
    1,
    1,
    0,
    0,
    0,
    1,
    0,
    1,
    1,
    0,
    0,
    0,
    0,
    0,
    1,
    0,
    0
  ],
  "fitness_history": [
    0.9455200501253133,
    0.9455200501253133,
    0.9490914786967419,
    0.9490914786967419,
    0.9490914786967419,
    0.9559837092731829,
    0.9559837092731829,
    0.9559837092731829,
    0.9559837092731829,
    0.9559837092731829,
    0.9559837092731829,
    0.9559837092731829,
    0.9559837092731829,
    0.9559837092731829,
    0.9560776942355889,
    0.9560776942355889,
    0.9560776942355889,
    0.9560776942355889,
    0.9560776942355889,
    0.9560776942355889,
    0.9560776942355889,
    0.9560776942355889,
    0.9560776942355889,
    0.9595864661654134,
    0.9595864661654134,
    0.9595864661654134,
    0.9595864661654134,
    0.9595864661654134,
    0.9595864661654134,
    0.9595864661654134,
    0.9595864661654134,
    0.9595864661654134,
    0.9595864661654134,
    0.9595864661654134,
    0.9595864661654134,
    0.9595864661654134,
    0.9595864661654134,
    0.9595864661654134,
    0.9595864661654134,
    0.9613408521303256,
    0.9613408521303256,
    0.9613408521303256,
    0.9613408521303256,
    0.9613408521303256,
    0.9613408521303256,
    0.9613408521303256,
    0.9613408521303256,
    0.9613408521303256,
    0.9613408521303256,
    0.9613408521303256
  ]
}