{
  "dataset_name": "wdbc",
  "run_index": 2,
  "timestamp": "2025-12-16T21:07:05.056771",
  "base_random_seed": 42,
  "random_seed": 44,
  "pso_config": {
    "num_particles": 30,
    "num_iterations": 50,
    "inertia_weight": 0.7,
    "cognitive_coeff": 2.0,
    "social_coeff": 2.0,
    "v_min": -6.0,
    "v_max": 6.0,
    "init_position_prob": 0.5
  },
  "svm_config": {
    "C": 4096.0,
    "kernel": "rbf",
    "gamma": null,
    "r": 1.0
  },
  "best_fitness": 0.9665726817042607,
  "num_selected_features": 9,
  "best_position": [
    0,
    0,
    0,
    0,
    0,
    0,
    1,
    1,
    0,
    0,
    1,
    0,
    1,
    0,
    0,
    0,
    0,
    1,
    0,
    0,
    1,
    1,
    0,
    1,
    0,
    0,
    0,
    1,
    0,
    0
  ],
  "fitness_history": [
    0.9473057644110275,
    0.9473057644110275,
    0.9473057644110275,
    0.9473057644110275,
    0.9473057644110275,
    0.9542919799498746,
    0.9542919799498746,
    0.9561090225563911,
    0.9561090225563911,
    0.9561090225563911,
    0.9561090225563911,
    0.9561090225563911,
    0.9561090225563911,
    0.9561090225563911,
    0.9561090225563911,
    0.9561090225563911,
    0.9561090225563911,
    0.9561090225563911,
    0.9561090225563911,
    0.9561090225563911,
    0.9561090225563911,
    0.9561090225563911,
    0.9595864661654134,
    0.9595864661654134,
    0.9595864661654134,
    0.9595864661654134,
    0.9595864661654134,
    0.9596177944862155,
    0.9596177944862155,
    0.9596177944862155,
    0.9613408521303256,
    0.9613408521303256,
    0.9613408521303256,
    0.9613408521303256,
    0.9613408521303256,
    0.9613408521303256,
    0.9613408521303256,
    0.9613408521303256,
    0.9613408521303256,
    0.9613408521303256,
    0.9613408521303256,
    0.9613408521303256,
    0.9613408521303256,
    0.9613408521303256,
    0.9613408521303256,
    0.9665726817042607,
    0.9665726817042607,
    0.9665726817042607,
    0.9665726817042607,
    0.9665726817042607
  ]
}