{
  "dataset_name": "wdbc",
  "run_index": 7,
  "timestamp": "2025-12-16T21:28:03.414390",
  "base_random_seed": 42,
  "random_seed": 49,
  "pso_config": {
    "num_particles": 30,
    "num_iterations": 50,
    "inertia_weight": 0.7,
    "cognitive_coeff": 2.0,
    "social_coeff": 2.0,
    "v_min": -6.0,
    "v_max": 6.0,
    "init_position_prob": 0.5
  },
  "svm_config": {
    "C": 4096.0,
    "kernel": "rbf",
    "gamma": null,
    "r": 1.0
  },
  "best_fitness": 0.9701127819548871,
  "num_selected_features": 9,
  "best_position": [
    0,
    0,
    0,
    0,
    0,
    0,
    0,
    0,
    0,
    0,
    0,
    1,
    1,
    0,
    0,
    0,
    0,
    0,
    0,
    0,
    1,
    1,
    1,
    1,
    1,
    1,
    0,
    1,
    0,
    0
  ],
  "fitness_history": [
    0.9333020050125314,
    0.9333020050125314,
    0.9525375939849624,
    0.9525375939849624,
    0.9525375939849624,
    0.9525375939849624,
    0.9525375939849624,
    0.956015037593985,
    0.956015037593985,
    0.956015037593985,
    0.9701127819548871,
    0.9701127819548871,
    0.9701127819548871,
    0.9701127819548871,
    0.9701127819548871,
    0.9701127819548871,
    0.9701127819548871,
    0.9701127819548871,
    0.9701127819548871,
    0.9701127819548871,
    0.9701127819548871,
    0.9701127819548871,
    0.9701127819548871,
    0.9701127819548871,
    0.9701127819548871,
    0.9701127819548871,
    0.9701127819548871,
    0.9701127819548871,
    0.9701127819548871,
    0.9701127819548871,
    0.9701127819548871,
    0.9701127819548871,
    0.9701127819548871,
    0.9701127819548871,
    0.9701127819548871,
    0.9701127819548871,
    0.9701127819548871,
    0.9701127819548871,
    0.9701127819548871,
    0.9701127819548871,
    0.9701127819548871,
    0.9701127819548871,
    0.9701127819548871,
    0.9701127819548871,
    0.9701127819548871,
    0.9701127819548871,
    0.9701127819548871,
    0.9701127819548871,
    0.9701127819548871,
    0.9701127819548871
  ]
}