{
  "dataset_name": "wdbc",
  "run_index": 1,
  "timestamp": "2025-12-16T21:05:53.432144",
  "base_random_seed": 42,
  "random_seed": 43,
  "pso_config": {
    "num_particles": 30,
    "num_iterations": 50,
    "inertia_weight": 0.7,
    "cognitive_coeff": 2.0,
    "social_coeff": 2.0,
    "v_min": -6.0,
    "v_max": 6.0,
    "init_position_prob": 0.5
  },
  "svm_config": {
    "C": 4096.0,
    "kernel": "rbf",
    "gamma": null,
    "r": 1.0
  },
  "best_fitness": 0.9594924812030076,
  "num_selected_features": 11,
  "best_position": [
    0,
    0,
    1,
    1,
    0,
    0,
    0,
    0,
    0,
    0,
    0,
    0,
    1,
    1,
    1,
    0,
    0,
    0,
    0,
    1,
    1,
    1,
    1,
    0,
    1,
    0,
    0,
    1,
    0,
    0
  ],
  "fitness_history": [
    0.93671679197995,
    0.93671679197995,
    0.9367481203007518,
    0.9437969924812031,
    0.9437969924812031,
    0.9437969924812031,
    0.9437969924812031,
    0.9437969924812031,
    0.9491228070175438,
    0.950814536340852,
    0.9525375939849624,
    0.9525375939849624,
    0.9525375939849624,
    0.9525375939849624,
    0.9525375939849624,
    0.9525375939849624,
    0.9525375939849624,
    0.9525689223057643,
    0.9525689223057643,
    0.9543859649122807,
    0.9543859649122807,
    0.9543859649122807,
    0.9543859649122807,
    0.9543859649122807,
    0.9543859649122807,
    0.9543859649122807,
    0.956077694235589,
    0.956077694235589,
    0.956077694235589,
    0.9578320802005011,
    0.9578320802005011,
    0.9578320802005011,
    0.9578320802005011,
    0.9578320802005011,
    0.9578320802005011,
    0.9578320802005011,
    0.9578320802005011,
    0.9578320802005011,
    0.9578320802005011,
    0.9578320802005011,
    0.9578320802005011,
    0.9578320802005011,
    0.9578320802005011,
    0.9578320802005011,
    0.9594924812030076,
    0.9594924812030076,
    0.9594924812030076,
    0.9594924812030076,
    0.9594924812030076,
    0.9594924812030076
  ]
}