{
  "dataset_name": "wdbc",
  "run_index": 5,
  "timestamp": "2025-12-16T21:11:05.210163",
  "base_random_seed": 42,
  "random_seed": 47,
  "pso_config": {
    "num_particles": 30,
    "num_iterations": 50,
    "inertia_weight": 0.7,
    "cognitive_coeff": 2.0,
    "social_coeff": 2.0,
    "v_min": -6.0,
    "v_max": 6.0,
    "init_position_prob": 0.5
  },
  "svm_config": {
    "C": 4096.0,
    "kernel": "rbf",
    "gamma": null,
    "r": 1.0
  },
  "best_fitness": 0.9648809523809524,
  "num_selected_features": 7,
  "best_position": [
    0,
    0,
    0,
    0,
    0,
    0,
    0,
    1,
    0,
    0,
    0,
    0,
    1,
    0,
    0,
    0,
    0,
    0,
    0,
    1,
    0,
    1,
    0,
    1,
    0,
    0,
    0,
    1,
    0,
    1
  ],
  "fitness_history": [
    0.9437969924812029,
    0.9437969924812029,
    0.9437969924812029,
    0.9437969924812029,
    0.9437969924812031,
    0.9437969924812031,
    0.9437969924812031,
    0.9437969924812031,
    0.9490601503759397,
    0.9490601503759397,
    0.9525689223057643,
    0.9525689223057643,
    0.9525689223057643,
    0.9526002506265664,
    0.9526002506265664,
    0.9578947368421051,
    0.9578947368421051,
    0.9578947368421051,
    0.9578947368421051,
    0.9578947368421051,
    0.9578947368421051,
    0.9578947368421051,
    0.9595864661654134,
    0.9596177944862155,
    0.9596177944862155,
    0.9596177944862155,
    0.9596177944862155,
    0.9596177944862155,
    0.9596177944862155,
    0.9596177944862155,
    0.9596177944862155,
    0.9596177944862155,
    0.9648809523809524,
    0.9648809523809524,
    0.9648809523809524,
    0.9648809523809524,
    0.9648809523809524,
    0.9648809523809524,
    0.9648809523809524,
    0.9648809523809524,
    0.9648809523809524,
    0.9648809523809524,
    0.9648809523809524,
    0.9648809523809524,
    0.9648809523809524,
    0.9648809523809524,
    0.9648809523809524,
    0.9648809523809524,
    0.9648809523809524,
    0.9648809523809524
  ]
}