{
  "dataset_name": "wdbc",
  "run_index": 19,
  "timestamp": "2025-12-16T21:45:17.257283",
  "base_random_seed": 42,
  "random_seed": 61,
  "pso_config": {
    "num_particles": 30,
    "num_iterations": 50,
    "inertia_weight": 0.7,
    "cognitive_coeff": 2.0,
    "social_coeff": 2.0,
    "v_min": -6.0,
    "v_max": 6.0,
    "init_position_prob": 0.5
  },
  "svm_config": {
    "C": 4096.0,
    "kernel": "rbf",
    "gamma": null,
    "r": 1.0
  },
  "best_fitness": 0.9631265664160402,
  "num_selected_features": 8,
  "best_position": [
    0,
    1,
    0,
    0,
    0,
    0,
    0,
    0,
    0,
    0,
    1,
    0,
    1,
    0,
    0,
    0,
    0,
    0,
    0,
    0,
    1,
    0,
    0,
    1,
    1,
    1,
    0,
    1,
    0,
    0
  ],
  "fitness_history": [
    0.9402568922305765,
    0.9402568922305765,
    0.9456140350877194,
    0.9456140350877194,
    0.9489974937343358,
    0.9507205513784461,
    0.9507205513784461,
    0.9507205513784461,
    0.957800751879699,
    0.957800751879699,
    0.957800751879699,
    0.957800751879699,
    0.957800751879699,
    0.957800751879699,
    0.957800751879699,
    0.957800751879699,
    0.957800751879699,
    0.957800751879699,
    0.957800751879699,
    0.9578007518796993,
    0.9578007518796993,
    0.9578007518796993,
    0.9578007518796993,
    0.9578947368421054,
    0.9578947368421054,
    0.9578947368421054,
    0.9578947368421054,
    0.9578947368421054,
    0.9578947368421054,
    0.9578947368421054,
    0.9578947368421054,
    0.9578947368421054,
    0.9578947368421054,
    0.9578947368421054,
    0.9578947368421054,
    0.9578947368421054,
    0.9578947368421054,
    0.9578947368421054,
    0.9578947368421054,
    0.9595551378446115,
    0.9631265664160402,
    0.9631265664160402,
    0.9631265664160402,
    0.9631265664160402,
    0.9631265664160402,
    0.9631265664160402,
    0.9631265664160402,
    0.9631265664160402,
    0.9631265664160402,
    0.9631265664160402
  ]
}