{
  "dataset_name": "wdbc",
  "run_index": 7,
  "timestamp": "2025-12-16T21:13:33.535873",
  "base_random_seed": 42,
  "random_seed": 49,
  "pso_config": {
    "num_particles": 30,
    "num_iterations": 50,
    "inertia_weight": 0.7,
    "cognitive_coeff": 2.0,
    "social_coeff": 2.0,
    "v_min": -6.0,
    "v_max": 6.0,
    "init_position_prob": 0.5
  },
  "svm_config": {
    "C": 4096.0,
    "kernel": "rbf",
    "gamma": null,
    "r": 1.0
  },
  "best_fitness": 0.9612781954887218,
  "num_selected_features": 8,
  "best_position": [
    0,
    0,
    1,
    1,
    0,
    0,
    0,
    0,
    0,
    0,
    0,
    0,
    1,
    0,
    0,
    0,
    0,
    0,
    1,
    0,
    0,
    1,
    0,
    1,
    1,
    0,
    0,
    0,
    0,
    1
  ],
  "fitness_history": [
    0.9332393483709274,
    0.9349937343358394,
    0.9472117794486217,
    0.9472117794486217,
    0.9490601503759397,
    0.9490601503759397,
    0.9490601503759397,
    0.9490601503759397,
    0.9490601503759397,
    0.9526315789473683,
    0.9526315789473683,
    0.9526315789473683,
    0.9543233082706767,
    0.9543233082706767,
    0.9543233082706767,
    0.9543233082706767,
    0.9543233082706767,
    0.9543233082706767,
    0.9612781954887218,
    0.9612781954887218,
    0.9612781954887218,
    0.9612781954887218,
    0.9612781954887218,
    0.9612781954887218,
    0.9612781954887218,
    0.9612781954887218,
    0.9612781954887218,
    0.9612781954887218,
    0.9612781954887218,
    0.9612781954887218,
    0.9612781954887218,
    0.9612781954887218,
    0.9612781954887218,
    0.9612781954887218,
    0.9612781954887218,
    0.9612781954887218,
    0.9612781954887218,
    0.9612781954887218,
    0.9612781954887218,
    0.9612781954887218,
    0.9612781954887218,
    0.9612781954887218,
    0.9612781954887218,
    0.9612781954887218,
    0.9612781954887218,
    0.9612781954887218,
    0.9612781954887218,
    0.9612781954887218,
    0.9612781954887218,
    0.9612781954887218
  ]
}