{
  "dataset_name": "wdbc",
  "run_index": 8,
  "timestamp": "2025-12-16T21:29:35.458416",
  "base_random_seed": 42,
  "random_seed": 50,
  "pso_config": {
    "num_particles": 30,
    "num_iterations": 50,
    "inertia_weight": 0.7,
    "cognitive_coeff": 2.0,
    "social_coeff": 2.0,
    "v_min": -6.0,
    "v_max": 6.0,
    "init_position_prob": 0.5
  },
  "svm_config": {
    "C": 4096.0,
    "kernel": "rbf",
    "gamma": null,
    "r": 1.0
  },
  "best_fitness": 0.9595238095238094,
  "num_selected_features": 6,
  "best_position": [
    0,
    0,
    0,
    0,
    1,
    1,
    0,
    1,
    0,
    0,
    0,
    0,
    0,
    0,
    0,
    0,
    0,
    0,
    0,
    0,
    0,
    1,
    0,
    1,
    0,
    0,
    0,
    1,
    0,
    0
  ],
  "fitness_history": [
    0.9367794486215537,
    0.9490288220551377,
    0.9490288220551377,
    0.9525375939849623,
    0.9525375939849623,
    0.9525375939849623,
    0.9525375939849623,
    0.9525375939849623,
    0.9525375939849623,
    0.9525375939849623,
    0.9525375939849623,
    0.9525375939849623,
    0.9543546365914788,
    0.9543546365914788,
    0.9543546365914788,
    0.9543546365914788,
    0.9543546365914788,
    0.9543546365914788,
    0.9543546365914788,
    0.9543546365914788,
    0.9543546365914788,
    0.9543546365914788,
    0.9543546365914788,
    0.956077694235589,
    0.956077694235589,
    0.956077694235589,
    0.956077694235589,
    0.956077694235589,
    0.956077694235589,
    0.956077694235589,
    0.956077694235589,
    0.956077694235589,
    0.956077694235589,
    0.956077694235589,
    0.956077694235589,
    0.956077694235589,
    0.956077694235589,
    0.956077694235589,
    0.956077694235589,
    0.956077694235589,
    0.956077694235589,
    0.9578320802005011,
    0.9578320802005011,
    0.9595238095238094,
    0.9595238095238094,
    0.9595238095238094,
    0.9595238095238094,
    0.9595238095238094,
    0.9595238095238094,
    0.9595238095238094
  ]
}