{
  "dataset_name": "wdbc",
  "run_index": 1,
  "timestamp": "2025-12-16T21:20:01.188999",
  "base_random_seed": 42,
  "random_seed": 43,
  "pso_config": {
    "num_particles": 30,
    "num_iterations": 50,
    "inertia_weight": 0.7,
    "cognitive_coeff": 2.0,
    "social_coeff": 2.0,
    "v_min": -6.0,
    "v_max": 6.0,
    "init_position_prob": 0.5
  },
  "svm_config": {
    "C": 4096.0,
    "kernel": "rbf",
    "gamma": null,
    "r": 1.0
  },
  "best_fitness": 0.9613408521303258,
  "num_selected_features": 8,
  "best_position": [
    0,
    0,
    1,
    1,
    0,
    0,
    0,
    0,
    0,
    0,
    1,
    0,
    0,
    0,
    0,
    0,
    0,
    0,
    1,
    0,
    1,
    1,
    1,
    0,
    1,
    0,
    0,
    0,
    0,
    0
  ],
  "fitness_history": [
    0.9332393483709274,
    0.9454573934837093,
    0.9454573934837093,
    0.9473057644110275,
    0.9473057644110275,
    0.948966165413534,
    0.948966165413534,
    0.948966165413534,
    0.9508458646616542,
    0.9578320802005011,
    0.9578320802005011,
    0.9578320802005011,
    0.9578320802005011,
    0.9578320802005011,
    0.9578320802005011,
    0.9578320802005011,
    0.9578320802005011,
    0.9578320802005011,
    0.9578320802005011,
    0.9578320802005011,
    0.9578320802005011,
    0.9578320802005011,
    0.9578320802005011,
    0.9578320802005011,
    0.9578320802005011,
    0.9578320802005011,
    0.9578320802005011,
    0.9578320802005011,
    0.9578320802005011,
    0.9578320802005011,
    0.9578320802005011,
    0.9578320802005011,
    0.9578320802005011,
    0.9578320802005011,
    0.9578320802005011,
    0.9578320802005011,
    0.9578320802005011,
    0.9578320802005011,
    0.9578320802005011,
    0.9578320802005011,
    0.9578320802005011,
    0.9578320802005011,
    0.9613408521303258,
    0.9613408521303258,
    0.9613408521303258,
    0.9613408521303258,
    0.9613408521303258,
    0.9613408521303258,
    0.9613408521303258,
    0.9613408521303258
  ]
}