{
  "dataset_name": "wdbc",
  "run_index": 4,
  "timestamp": "2025-12-16T21:09:50.514646",
  "base_random_seed": 42,
  "random_seed": 46,
  "pso_config": {
    "num_particles": 30,
    "num_iterations": 50,
    "inertia_weight": 0.7,
    "cognitive_coeff": 2.0,
    "social_coeff": 2.0,
    "v_min": -6.0,
    "v_max": 6.0,
    "init_position_prob": 0.5
  },
  "svm_config": {
    "C": 4096.0,
    "kernel": "rbf",
    "gamma": null,
    "r": 1.0
  },
  "best_fitness": 0.9578320802005011,
  "num_selected_features": 9,
  "best_position": [
    1,
    0,
    1,
    0,
    0,
    0,
    0,
    0,
    0,
    1,
    0,
    1,
    0,
    0,
    0,
    0,
    1,
    0,
    0,
    0,
    1,
    1,
    0,
    1,
    1,
    0,
    0,
    0,
    0,
    0
  ],
  "fitness_history": [
    0.9350250626566415,
    0.9367794486215539,
    0.9403195488721805,
    0.9420426065162907,
    0.9473057644110275,
    0.9473057644110275,
    0.9526002506265666,
    0.9526002506265666,
    0.9526002506265666,
    0.9543233082706765,
    0.9543233082706765,
    0.9543233082706765,
    0.9543233082706765,
    0.9543233082706765,
    0.9543233082706765,
    0.9543233082706765,
    0.9577694235588974,
    0.9577694235588974,
    0.9577694235588974,
    0.9577694235588974,
    0.9577694235588974,
    0.9577694235588974,
    0.9577694235588974,
    0.9577694235588974,
    0.9577694235588974,
    0.9577694235588974,
    0.9577694235588974,
    0.9577694235588974,
    0.9577694235588974,
    0.9577694235588974,
    0.9577694235588974,
    0.9577694235588974,
    0.9577694235588974,
    0.9577694235588974,
    0.9578320802005011,
    0.9578320802005011,
    0.9578320802005011,
    0.9578320802005011,
    0.9578320802005011,
    0.9578320802005011,
    0.9578320802005011,
    0.9578320802005011,
    0.9578320802005011,
    0.9578320802005011,
    0.9578320802005011,
    0.9578320802005011,
    0.9578320802005011,
    0.9578320802005011,
    0.9578320802005011,
    0.9578320802005011
  ]
}