{
  "dataset_name": "wdbc",
  "run_index": 13,
  "timestamp": "2025-12-16T21:37:01.591010",
  "base_random_seed": 42,
  "random_seed": 55,
  "pso_config": {
    "num_particles": 30,
    "num_iterations": 50,
    "inertia_weight": 0.7,
    "cognitive_coeff": 2.0,
    "social_coeff": 2.0,
    "v_min": -6.0,
    "v_max": 6.0,
    "init_position_prob": 0.5
  },
  "svm_config": {
    "C": 4096.0,
    "kernel": "rbf",
    "gamma": null,
    "r": 1.0
  },
  "best_fitness": 0.9578634085213033,
  "num_selected_features": 10,
  "best_position": [
    1,
    0,
    0,
    1,
    1,
    0,
    0,
    0,
    0,
    0,
    1,
    1,
    0,
    1,
    0,
    0,
    0,
    0,
    0,
    1,
    0,
    1,
    0,
    1,
    1,
    0,
    0,
    0,
    0,
    0
  ],
  "fitness_history": [
    0.9296365914786966,
    0.9296365914786966,
    0.9368107769423559,
    0.9401629072681704,
    0.9472431077694236,
    0.9525689223057643,
    0.9525689223057643,
    0.9543233082706765,
    0.9543233082706765,
    0.9543233082706765,
    0.9543233082706765,
    0.9543233082706765,
    0.9543233082706765,
    0.9543233082706765,
    0.9543233082706765,
    0.9543233082706765,
    0.9543233082706765,
    0.9543233082706765,
    0.9543233082706765,
    0.9543233082706765,
    0.9543233082706765,
    0.9560463659147869,
    0.9560463659147869,
    0.9560463659147869,
    0.9561090225563909,
    0.9561090225563909,
    0.9561090225563909,
    0.9561090225563909,
    0.9561090225563909,
    0.9561090225563909,
    0.9561090225563909,
    0.9561090225563909,
    0.9561090225563909,
    0.9578634085213033,
    0.9578634085213033,
    0.9578634085213033,
    0.9578634085213033,
    0.9578634085213033,
    0.9578634085213033,
    0.9578634085213033,
    0.9578634085213033,
    0.9578634085213033,
    0.9578634085213033,
    0.9578634085213033,
    0.9578634085213033,
    0.9578634085213033,
    0.9578634085213033,
    0.9578634085213033,
    0.9578634085213033,
    0.9578634085213033
  ]
}